BTC,3,,num_tickers
ETH,3,,4906
BNB,3,,
XRP,3,,
USDT,4,,max_len
DOGE,4,,23
ADA,3,,
DOT,3,,
UNI,3,,
BCH,3,,
LTC,3,,
LINK,4,,
USDC,4,,
VET,3,,
XLM,3,,
SOL,3,,
FIL,3,,
THETA,5,,
TRX,3,,
WBTC,4,,
XMR,3,,
BUSD,4,,
NEO,3,,
CAKE,4,,
LUNA,4,,
EOS,3,,
BSV,3,,
MIOTA,5,,
KLAY,4,,
AAVE,4,,
FTT,3,,
CRO,3,,
BTT,3,,
ATOM,4,,
HT,2,,
MATIC,5,,
XTZ,3,,
MKR,3,,
ETC,3,,
AVAX,4,,
ALGO,4,,
DAI,3,,
COMP,4,,
RUNE,4,,
KSM,3,,
DASH,4,,
CHZ,3,,
XEM,3,,
EGLD,4,,
BTCB,4,,
ZEC,3,,
HOT,3,,
DCR,3,,
STX,3,,
WAVES,5,,
HBAR,4,,
LEO,3,,
MANA,4,,
ZIL,3,,
ENJ,3,,
DGB,3,,
SNX,3,,
NEXO,4,,
NEAR,4,,
UST,3,,
GRT,3,,
SC,2,,
FTM,3,,
TFUEL,5,,
BAT,3,,
SUSHI,5,,
YFI,3,,
BTG,3,,
ICX,3,,
UMA,3,,
ONT,3,,
RVN,3,,
QTUM,4,,
ONE,3,,
ZRX,3,,
CEL,3,,
HNT,3,,
ZEN,3,,
CHSB,4,,
OKB,3,,
BNT,3,,
ANKR,4,,
RSR,3,,
KCS,3,,
NANO,4,,
IOST,4,,
CELO,4,,
REV,3,,
XVS,3,,
OMG,3,,
DENT,4,,
FLOW,4,,
AR,2,,
REN,3,,
XVG,3,,
VGX,3,,
CRV,3,,
PAX,3,,
1INCH,5,,
WRX,3,,
CFX,3,,
IOTX,4,,
RENBTC,6,,
LPT,3,,
HUSD,4,,
LSK,3,,
LRC,3,,
BTMX,4,,
KNC,3,,
BTCST,5,,
CKB,3,,
MDX,3,,
VTHO,4,,
SNT,3,,
STORJ,5,,
OCEAN,5,,
INJ,3,,
OGN,3,,
QNT,3,,
REEF,4,,
ZKS,3,,
STMX,4,,
TEL,3,,
ABBC,4,,
SXP,3,,
MCO,3,,
SRM,3,,
EWT,3,,
ALPHA,5,,
GLM,3,,
BCD,3,,
FET,3,,
REP,3,,
SKL,3,,
DODO,4,,
WIN,3,,
BAL,3,,
SAND,4,,
MAID,4,,
NKN,3,,
ARDR,4,,
WAXP,4,,
FUN,3,,
PROM,4,,
ANT,3,,
SNM,3,,
BTS,3,,
AGI,3,,
MED,3,,
KIN,3,,
WOO,3,,
CELR,4,,
KMD,3,,
CVC,3,,
BAND,4,,
NMR,3,,
NU,2,,
USDN,4,,
GT,2,,
STEEM,5,,
GNO,3,,
KAVA,4,,
SWAP,4,,
TUSD,4,,
ORBS,4,,
WAN,3,,
ALICE,5,,
BADGER,6,,
SYS,3,,
JST,3,,
STRAX,5,,
XHV,3,,
VLX,3,,
PPT,3,,
BTM,3,,
UBT,3,,
COTI,4,,
ARK,3,,
UQC,3,,
ONG,3,,
MTL,3,,
RDD,3,,
AVA,3,,
HNS,3,,
NOIA,4,,
HIVE,4,,
META,4,,
ELF,3,,
POLS,4,,
CVT,3,,
SCRT,4,,
UTK,3,,
OXT,3,,
BORA,4,,
RLC,3,,
WBNB,4,,
CTC,3,,
HEX,3,,
FEI,3,,
CCXX,4,,
HBTC,4,,
DFI,3,,
ARRR,4,,
BRG,3,,
XWC,3,,
XDC,3,,
OMI,3,,
BEST,4,,
vBNB,4,,
ORC,3,,
TTT,3,,
THR,3,,
INO,3,,
PUNDIX,6,,
BAKE,4,,
STETH,5,,
BCHA,4,,
NXM,3,,
MIR,3,,
AMP,3,,
HEDG,4,,
DAWN,4,,
KSP,3,,
vXVS,4,,
RAY,3,,
XIN,3,,
AXS,3,,
BOTX,4,,
TKO,3,,
ZLW,3,,
LINA,4,,
TLM,3,,
ETN,3,,
SOLO,4,,
MVL,3,,
ANC,3,,
KEEP,4,,
TRIBE,5,,
AKT,3,,
ORN,3,,
RFOX,4,,
NWC,3,,
KLV,3,,
SFP,3,,
AUDIO,5,,
EPS,3,,
HNC,3,,
FORTH,5,,
KAI,3,,
REV,3,,
ATT,3,,
RIF,3,,
ROSE,4,,
SUPER,5,,
vBTC,4,,
AMPL,4,,
POLY,4,,
QUICK,5,,
IQ,2,,
TRAC,4,,
PRQ,3,,
ZB,2,,
MATH,4,,
HTR,3,,
LOTTO,5,,
TROY,4,,
CTSI,4,,
MARO,4,,
MLN,3,,
QKC,3,,
XOR,3,,
BUNNY,5,,
TOMO,4,,
GNY,3,,
DNT,3,,
ATRI,4,,
MONA,4,,
DKA,3,,
RPL,3,,
LTO,3,,
LYXe,4,,
CRU,3,,
AION,4,,
POWR,4,,
VAI,3,,
C20,3,,
DRS,3,,
PERP,4,,
DIA,3,,
UOS,3,,
VRSC,4,,
MFT,3,,
PAC,3,,
IRIS,4,,
STRK,4,,
SUN,3,,
TWT,3,,
ELA,3,,
RNDR,4,,
LIT,3,,
NRV,3,,
BZRX,4,,
PHA,3,,
FX,2,,
ADX,3,,
BCN,3,,
EUM,3,,
LOOM,4,,
MLK,3,,
DIVI,4,,
DDX,3,,
GAS,3,,
CHR,3,,
MASK,4,,
MBL,3,,
EDG,3,,
VRA,3,,
OXY,3,,
SHR,3,,
CRE,3,,
XPRT,4,,
WNXM,4,,
SAPP,4,,
DAO,3,,
ERN,3,,
NYE,3,,
DATA,4,,
SUSD,4,,
PAID,4,,
CSC,3,,
AE,2,,
RAMP,4,,
GALA,4,,
JGN,3,,
AKRO,4,,
FIRO,4,,
SFI,3,,
BLCT,4,,
REQ,3,,
FLM,3,,
TT,2,,
NRG,3,,
PRO,3,,
MWC,3,,
POND,4,,
RGT,3,,
RLY,3,,
DEGO,4,,
MX,2,,
HXRO,4,,
WHALE,5,,
XCM,3,,
APL,3,,
BIFI,4,,
TRB,3,,
GUSD,4,,
KDA,3,,
MITH,4,,
BEL,3,,
PIB,3,,
LON,3,,
LAMB,4,,
PIVX,4,,
TSHP,4,,
WTC,3,,
MXC,3,,
BNANA,5,,
DRGN,4,,
TITAN,5,,
BLZ,3,,
BOA,3,,
ZNN,3,,
ARPA,4,,
BURGER,6,,
FRAX,4,,
BAR,3,,
ERG,3,,
LOC,3,,
ALBT,4,,
GRN,3,,
NULS,4,,
SERO,4,,
BEAM,4,,
SPI,3,,
EAURIC,6,,
vETH,4,,
PNK,3,,
OM,2,,
AUCTION,7,,
DSLA,4,,
HARD,4,,
TVK,3,,
SPARTA,6,,
XNC,3,,
CTK,3,,
FSN,3,,
EMC2,4,,
WOZX,4,,
EXRD,4,,
XLT,3,,
MAPS,4,,
GRS,3,,
PAXG,4,,
NXS,3,,
STAKE,5,,
VITE,4,,
SURE,4,,
CENNZ,5,,
FRONT,5,,
SOLVE,5,,
FARM,4,,
SNL,3,,
OXEN,4,,
SLT,3,,
BFC,3,,
IGNIS,5,,
WICC,4,,
COS,3,,
FREE,4,,
HOGE,4,,
DUSK,4,,
RFR,3,,
MRPH,4,,
LBC,3,,
API3,4,,
YFII,4,,
MBN,3,,
DAG,3,,
YOUC,4,,
BOND,4,,
DX,2,,
vUSDC,5,,
AMO,3,,
MHC,3,,
AERGO,5,,
PAI,3,,
MUSH,4,,
BSCPAD,6,,
PCX,3,,
DAD,3,,
FRM,3,,
BTU,3,,
CTXC,4,,
VSP,3,,
LA,2,,
VTC,3,,
VSYS,4,,
CREAM,5,,
ANY,3,,
UNFI,4,,
ID,2,,
VISR,4,,
PHB,3,,
HC,2,,
RVP,3,,
HUM,3,,
HPT,3,,
BNK,3,,
NIM,3,,
MASS,4,,
EDR,3,,
FIO,3,,
NXT,3,,
DERO,4,,
SWTH,4,,
PYR,3,,
RCN,3,,
STPT,4,,
KEY,3,,
SRK,3,,
AXEL,4,,
SLP,3,,
RAD,3,,
FIDA,4,,
NEST,4,,
RBTC,4,,
IDEX,4,,
REVV,4,,
YLD,3,,
HEGIC,5,,
SUTER,5,,
FOR,3,,
WOW,3,,
FXF,3,,
UPP,3,,
DOCK,4,,
BAAS,4,,
WING,4,,
aEth,4,,
AIOZ,4,,
PERL,4,,
CND,3,,
GXC,3,,
SUKU,4,,
ASTA,4,,
MOC,3,,
QC,2,,
GO,2,,
PXL,3,,
ESD,3,,
BELT,4,,
RARI,4,,
CVP,3,,
QQQ,3,,
XDB,3,,
FXS,3,,
OBSR,4,,
SKY,3,,
BDX,3,,
HAI,3,,
SWINGBY,7,,
DMT,3,,
NFTX,4,,
WXT,3,,
CORE,4,,
AST,3,,
ANJ,3,,
KYL,3,,
DREP,4,,
NAS,3,,
GTO,3,,
RING,4,,
XPR,3,,
GRIN,4,,
LAYER,5,,
SNTVT,5,,
HELMET,6,,
JULD,4,,
QSP,3,,
BIP,3,,
RAI,3,,
PEAK,4,,
NSBT,4,,
GET,3,,
CFi,3,,
KP3R,4,,
BFT,3,,
DEXE,4,,
GBYTE,5,,
YAX,3,,
USDX,4,,
TORN,4,,
ARIA20,6,,
XYO,3,,
EURS,4,,
DG,2,,
QTCON,5,,
BASID,5,,
SBD,3,,
DEXT,4,,
BOR,3,,
GHST,4,,
NCASH,5,,
NEBL,4,,
PSG,3,,
ERC20,5,,
vBUSD,5,,
CONV,4,,
PNT,3,,
ZCN,3,,
DAC,3,,
APPC,4,,
DGD,3,,
TMTG,4,,
TRU,3,,
ZEE,3,,
NEX,3,,
KAN,3,,
WABI,4,,
VID,3,,
DVPN,4,,
INSUR,5,,
COCOS,5,,
RDN,3,,
VIDT,4,,
ARMOR,5,,
EL,2,,
DDIM,4,,
BANK,4,,
VAL,3,,
AUTO,4,,
BDP,3,,
BASIC,5,,
ULT,3,,
MTA,3,,
GTN,3,,
ROOBEE,6,,
BZ,2,,
OCTO,4,,
AOA,3,,
NAV,3,,
SALT,4,,
CUSD,4,,
PI,2,,
VIDY,4,,
DCN,3,,
MDT,3,,
CET,3,,
MET,3,,
SOUL,4,,
DUCATO,6,,
XSN,3,,
BONDLY,6,,
KRT,3,,
AQT,3,,
LCX,3,,
EASY,4,,
TRTL,4,,
VERI,4,,
DF,2,,
ZEON,4,,
GVT,3,,
DORA,4,,
BOT,3,,
MITX,4,,
DIP,3,,
DBC,3,,
XRT,3,,
IFC,3,,
VIA,3,,
HUNT,4,,
XED,3,,
vSXP,4,,
COVER,5,,
DEP,3,,
QASH,4,,
LYM,3,,
MUSD,4,,
MPH,3,,
GAME,4,,
DIGG,4,,
MEME,4,,
BMI,3,,
LGCY,4,,
CXO,3,,
ALEPH,5,,
TCT,3,,
HMR,3,,
VITAE,5,,
XSGD,4,,
DNA,3,,
KDAG,4,,
mTSLA,5,,
STAX,4,,
DOV,3,,
BAX,3,,
mIAU,4,,
EVZ,3,,
BF,2,,
DOGET,5,,
MARK,4,,
CLO,3,,
BTR,3,,
AEON,4,,
SOC,3,,
mAMZN,5,,
QRL,3,,
BAO,3,,
FCT,3,,
BUX,3,,
DPR,3,,
TON,3,,
HZN,3,,
mQQQ,4,,
RINGX,5,,
ILV,3,,
BAN,3,,
mSLV,4,,
TFB,3,,
TEMCO,5,,
FIS,3,,
CUT,3,,
MOF,3,,
JUL,3,,
PPAY,4,,
WPR,3,,
TONE,4,,
APY,3,,
mAAPL,5,,
RKN,3,,
PZM,3,,
mNFLX,5,,
PPC,3,,
mMSFT,5,,
SIX,3,,
BRD,3,,
SHA,3,,
CAS,3,,
DRC,3,,
CUDOS,5,,
MARSH,5,,
mUSO,4,,
DMCH,4,,
ANW,3,,
BLANK,5,,
HEZ,3,,
CARD,4,,
ICHI,4,,
RBC,3,,
ETP,3,,
mBABA,5,,
ONE,3,,
XCUR,4,,
ABL,3,,
mTWTR,5,,
BMX,3,,
XDN,3,,
CDT,3,,
OAX,3,,
LABS,4,,
NMC,3,,
mVIXY,5,,
BURST,5,,
vUSDT,5,,
UFT,3,,
AGA,3,,
BHD,3,,
BEPRO,5,,
ZANO,4,,
DUCK,4,,
ROUTE,5,,
MCI,3,,
GLCH,4,,
ODDZ,4,,
BHAO,4,,
HIT,3,,
ENQ,3,,
SWRV,4,,
MIX,3,,
OST,3,,
ZAP,3,,
BLINK,5,,
BLOCK,5,,
PDEX,4,,
PMON,4,,
USDK,4,,
DHT,3,,
MTV,3,,
MDA,3,,
CWS,3,,
PRE,3,,
SAKE,4,,
IDV,3,,
CRPT,4,,
EVX,3,,
GAL,3,,
OPIUM,5,,
TLOS,4,,
HPB,3,,
TOP,3,,
SENSO,5,,
LTX,3,,
LGO,3,,
UBXT,4,,
VIB,3,,
WGR,3,,
DYN,3,,
REW,3,,
FCT,3,,
EGG,3,,
ORAI,4,,
POA,3,,
IHF,3,,
EFX,3,,
GS,2,,
OLY,3,,
PROPS,5,,
VNLA,4,,
STEP,4,,
DAPP,4,,
WOM,3,,
FLUX,4,,
PAY,3,,
LDO,3,,
POLK,4,,
DTA,3,,
FWT,3,,
ARDX,4,,
CBK,3,,
IGG,3,,
DLT,3,,
RFUEL,5,,
MAN,3,,
BAC,3,,
RUFF,4,,
FLETA,5,,
SWFTC,5,,
NEW,3,,
MAP,3,,
SOCKS,5,,
MOD,3,,
VNT,3,,
FST,3,,
NLG,3,,
JUV,3,,
SMART,5,,
vLINK,5,,
AWC,3,,
POOLZ,5,,
ABT,3,,
MTX,3,,
TNB,3,,
MTH,3,,
vLTC,4,,
FOAM,4,,
TXL,3,,
GMB,3,,
ACM,3,,
UBQ,3,,
ACT,3,,
OCE,3,,
AMLT,4,,
CMT,3,,
INFS,4,,
TRUE,4,,
PROS,4,,
RAZOR,5,,
BTCZ,4,,
NIOX,4,,
PTF,3,,
KONO,4,,
MXX,3,,
DG,2,,
CGG,3,,
RAZE,4,,
BPS,3,,
PLTC,4,,
SHROOM,6,,
MOBI,4,,
SLICE,5,,
HTML,4,,
VEE,3,,
STRONG,6,,
EXNT,4,,
SPC,3,,
QLC,3,,
TRADE,5,,
BSCS,4,,
BIOT,4,,
EGT,3,,
GEO,3,,
BMXX,4,,
DEC,3,,
MOON,4,,
SYLO,4,,
YOYOW,5,,
ADK,3,,
ACH,3,,
ARCH,4,,
L2,2,,
ELAMA,5,,
MRX,3,,
EMRX,4,,
SAITO,5,,
PICKLE,6,,
WATCH,5,,
CON,3,,
KTN,3,,
SAN,3,,
ISR,3,,
ASK,3,,
WEST,4,,
NVT,3,,
APYS,4,,
CS,2,,
MATTER,6,,
HAKKA,5,,
TERA,4,,
SNGLS,5,,
EUNO,4,,
OPCT,4,,
UPUNK,5,,
MDS,3,,
TNC,3,,
XLA,3,,
BIKI,4,,
ROOM,4,,
IPX,3,,
TRY,3,,
IDLE,4,,
PMA,3,,
TKN,3,,
YUSRA,5,,
FNB,3,,
BTRS,4,,
YOP,3,,
XEND,4,,
TIDAL,5,,
UNCX,4,,
NIX,3,,
QCX,3,,
ETHM,4,,
DAFI,4,,
OCN,3,,
GAP,3,,
SSX,3,,
UIP,3,,
BIX,3,,
WIKEN,5,,
LIKE,4,,
YF-DAI,6,,
IQN,3,,
AME,3,,
PLC,3,,
NCT,3,,
USDJ,4,,
TKY,3,,
EOSC,4,,
PART,4,,
BRY,3,,
FLG,3,,
XMY,3,,
BTC2,4,,
HOT,3,,
K21,3,,
PCL,3,,
OIN,3,,
YFL,3,,
PLR,3,,
ONION,5,,
GNX,3,,
UMX,3,,
APM,3,,
PKF,3,,
AMB,3,,
CLBK,4,,
MUSE,4,,
KAT,3,,
MFG,3,,
FNX,3,,
XSR,3,,
BWF,3,,
ITC,3,,
BHP,3,,
XCASH,5,,
TAU,3,,
FIC,3,,
RIO,3,,
DVC,3,,
ROOK,4,,
PCM,3,,
GOC,3,,
UMB,3,,
PAR,3,,
SNB,3,,
ALPACA,6,,
MTRG,4,,
SRN,3,,
CV,2,,
HY,2,,
SWM,3,,
VALOR,5,,
GEN,3,,
CNTR,4,,
XIO,3,,
GXT,3,,
TOWER,5,,
DVP,3,,
HGET,4,,
OG,2,,
TENA,4,,
SFT,3,,
PUSH,4,,
MBOX,4,,
TRV,3,,
S4F,3,,
ABYSS,5,,
EM,2,,
NPXSXEM,7,,
DOS,3,,
AUC,3,,
DEPAY,5,,
SPIKE,5,,
COV,3,,
HVN,3,,
KRL,3,,
TRIAS,5,,
CHI,3,,
TEN,3,,
NFT,3,,
FLO,3,,
FUSE,4,,
WOW,3,,
MINT,4,,
SCC,3,,
MEETONE,7,,
SCC,3,,
UNISTAKE,8,,
BIRD,4,,
VIDYA,5,,
vDOT,4,,
CVN,3,,
EMC,3,,
EGG,3,,
ASR,3,,
FTC,3,,
NFY,3,,
IDNA,4,,
AXPR,4,,
TIPS,4,,
XMC,3,,
DGTX,4,,
CAJ,3,,
UDOO,4,,
BOLT,4,,
DOWS,4,,
WHITE,5,,
PRT,3,,
PCNT,4,,
KEX,3,,
DEV,3,,
ETHO,4,,
DOUGH,5,,
GEEQ,4,,
APIX,4,,
DOKI,4,,
UDO,3,,
MTLX,4,,
NYZO,4,,
BREW,4,,
XPX,3,,
URUS,4,,
$ANRX,5,,
NANJ,4,,
SMARTCREDIT,11,,
USDX,4,,
UUU,3,,
PLAY,4,,
BTCP,4,,
KICK,4,,
BTSE,4,,
FO,2,,
COVAL,5,,
GOM2,4,,
PHNX,4,,
KCASH,5,,
MWAT,4,,
CCX,3,,
CRD,3,,
CSP,3,,
GSWAP,5,,
FCL,3,,
MYST,4,,
LEVL,4,,
JOB,3,,
ARGON,5,,
ANCT,4,,
TIME,4,,
SNOW,4,,
SMT,3,,
EQZ,3,,
WINGS,5,,
CBC,3,,
PAN,3,,
INT,3,,
DERI,4,,
TFT,3,,
RVC,3,,
CWV,3,,
PRS,3,,
INF,3,,
CLOAK,5,,
LET,3,,
LAND,4,,
PAINT,5,,
AITRA,5,,
DMD,3,,
VBIT,4,,
FSW,3,,
COT,3,,
ZEFU,4,,
ZT,2,,
BOND,4,,
GRO,3,,
CREDIT,6,,
GRID,4,,
CRON,4,,
LUA,3,,
POT,3,,
LBTC,4,,
OLT,3,,
DRC,3,,
NUTS,4,,
VEST,4,,
DMST,4,,
JUP,3,,
ESS,3,,
COMBO,5,,
TOKEN,5,,
LML,3,,
DYP,3,,
CVR,3,,
BOX,3,,
ATP,3,,
MAHA,4,,
FIN,3,,
ZUM,3,,
BLY,3,,
GRLC,4,,
VDG,3,,
ZYN,3,,
SPAZ,4,,
SAFE,4,,
SMTY,4,,
OGO,3,,
FNT,3,,
BIS,3,,
PHR,3,,
MTHD,4,,
AGAR,4,,
XMX,3,,
DEXA,4,,
RAE,3,,
EVED,4,,
MIR,3,,
ROAD,4,,
INSTAR,6,,
INXT,4,,
BCDT,4,,
NDX,3,,
TRTT,4,,
NOKU,4,,
PINK,4,,
HTDF,4,,
AUTO,4,,
OTO,3,,
SYNC,4,,
AYA,3,,
TOKO,4,,
NTK,3,,
HAPI,4,,
RAVEN,5,,
CAPP,4,,
GUM,3,,
TH,2,,
DEX,3,,
WEBD,4,,
AZUKI,5,,
CHP,3,,
BIFI,4,,
LBA,3,,
YIELD,5,,
LCC,3,,
MVP,3,,
DTEP,4,,
XST,3,,
EXM,3,,
WISH,4,,
SIG,3,,
ETHA,4,,
SEELE,5,,
BALPHA,6,,
OUSD,4,,
PLU,3,,
TRIX,4,,
HDAO,4,,
HEAT,4,,
CNN,3,,
VEX,3,,
YAP,3,,
ADB,3,,
UMASK,5,,
EKT,3,,
RNO,3,,
TERC,4,,
YOU,3,,
PLOT,4,,
ASKO,4,,
BOX,3,,
EBST,4,,
GHOST,5,,
UPI,3,,
AC,2,,
DIME,4,,
XPM,3,,
MONA,4,,
ICNQ,4,,
FAT,3,,
GLEEC,5,,
FKX,3,,
RTH,3,,
OPEN,4,,
DAT,3,,
BZNT,4,,
PLF,3,,
XPC,3,,
CHAT,4,,
BCA,3,,
PBR,3,,
VEIL,4,,
LKR,3,,
THC,3,,
OPEN,4,,
LXT,3,,
CPC,3,,
CVR,3,,
SPH,3,,
URQA,4,,
XPN,3,,
SEEN,4,,
MTC,3,,
SWG,3,,
KTON,4,,
BIDR,4,,
XFT,3,,
GTC,3,,
RMT,3,,
CATT,4,,
SOAR,4,,
CHONK,5,,
BLK,3,,
TN,2,,
SNC,3,,
NSURE,5,,
XBY,3,,
OK,2,,
NEWS,4,,
EQUAD,5,,
SKM,3,,
NORD,4,,
GSC,3,,
TKS,3,,
UGAS,4,,
YEED,4,,
CRBN,4,,
SOTA,4,,
WPP,3,,
NPX,3,,
TRIO,4,,
BTZC,4,,
HYPR,4,,
BCP,3,,
GRC,3,,
PLA,3,,
NAX,3,,
SEPA,4,,
IOV,3,,
NBX,3,,
ZORA,4,,
EXRN,4,,
SCP,3,,
vDAI,4,,
STA,3,,
SAFE,4,,
AOG,3,,
TONS,4,,
ZEBI,4,,
AID,3,,
SHARD,5,,
ILC,3,,
BART,4,,
GIO,3,,
PAT,3,,
42,2,,
SNN,3,,
IDEA,4,,
VIBE,4,,
LNC,3,,
DTX,3,,
SATT,4,,
AMN,3,,
QUN,3,,
AAB,3,,
INFI,4,,
XTP,3,,
PGT,3,,
ONG,3,,
FOL,3,,
KTLYO,5,,
CPAY,4,,
HYVE,4,,
LEAD,4,,
ADS,3,,
FOUR,4,,
JRT,3,,
HORUS,5,,
2KEY,4,,
MASQ,4,,
FAIR,4,,
ASTRO,5,,
IXC,3,,
IOC,3,,
ZASH,4,,
BHC,3,,
ZCL,3,,
CRW,3,,
WINR,4,,
LINKA,5,,
MUE,3,,
PNT,3,,
SFUND,5,,
CBM,3,,
OMNI,4,,
IDRT,4,,
RNT,3,,
DAX,3,,
VRC,3,,
0xBTC,5,,
SIN,3,,
FERA,4,,
MNE,3,,
CEEK,4,,
USNBT,5,,
BNF,3,,
BITCNY,6,,
UCA,3,,
XRC,3,,
GARD,4,,
KEBAB,5,,
SWACE,5,,
TENT,4,,
WAIF,4,,
ZER,3,,
INCNT,5,,
DGX,3,,
LDFI,4,,
FYZ,3,,
ENG,3,,
1WO,3,,
ONOT,4,,
VAULT,5,,
DJV,3,,
TNT,3,,
UFR,3,,
YEE,3,,
CURE,4,,
LUNES,5,,
FLASH,5,,
PGN,3,,
STZEN,5,,
MIST,4,,
RFI,3,,
EDN,3,,
EXY,3,,
CNS,3,,
XIOT,4,,
SDT,3,,
BC,2,,
REM,3,,
D,1,,
XFC,3,,
CHADS,5,,
AAC,3,,
BOOST,5,,
ALY,3,,
NASH,4,,
WLT,3,,
DOGEFI,6,,
AMON,4,,
PPP,3,,
N8V,3,,
HTN,3,,
DFS,3,,
MEME,4,,
BITG,4,,
PVT,3,,
ETNA,4,,
AVT,3,,
AZ,2,,
XFI,3,,
BCV,3,,
LEDU,4,,
SS,2,,
PASC,4,,
QDAO,4,,
DMG,3,,
ETGP,4,,
FLIXX,5,,
8PAY,4,,
DRT,3,,
CLVA,4,,
TAP,3,,
GIG,3,,
CTCN,4,,
COR,3,,
ACAT,4,,
xBTC,4,,
TAD,3,,
HYC,3,,
DAPS,4,,
HYDRO,5,,
1UP,3,,
ALN,3,,
MOONS,5,,
SIGN,4,,
RYO,3,,
BCUG,4,,
GEAR,4,,
LUX,3,,
KIT,3,,
NDR,3,,
SATA,4,,
vBCH,4,,
EQL,3,,
HYN,3,,
AIDUS,5,,
OKS,3,,
UAXIE,5,,
NCT,3,,
WET,3,,
HLC,3,,
DAV,3,,
XLAB,4,,
SHARE,5,,
EFL,3,,
CGT,3,,
GEO,3,,
QRK,3,,
BOOM,4,,
EXP,3,,
SFD,3,,
GET,3,,
NUG,3,,
BBC,3,,
NOW,3,,
ADD,3,,
MER,3,,
ALPHR,5,,
DITTO,5,,
SNET,4,,
PST,3,,
PTOY,4,,
WARP,4,,
ROYA,4,,
CAI,3,,
DDD,3,,
BOMB,4,,
CUR,3,,
BANCA,5,,
EOSDAC,6,,
BASE,4,,
CHI,3,,
CHX,3,,
MCX,3,,
TOTM,4,,
BOS,3,,
PIRATE,6,,
TX,2,,
EOSDT,5,,
KARMA,5,,
DOGES,5,,
HNST,4,,
WNL,3,,
BPC,3,,
SUB,3,,
DZI,3,,
IOG,3,,
CARBON,6,,
MPAY,4,,
MODIC,5,,
PIZZA,5,,
XIV,3,,
SUMO,4,,
PPBLZ,5,,
UT,2,,
1X2,3,,
XHI,3,,
TZC,3,,
DTH,3,,
GMAT,4,,
GFX,3,,
ZOO,3,,
KUBO,4,,
RPZX,4,,
AIT,3,,
NTY,3,,
BWT,3,,
POLIS,5,,
LIBERTAS,8,,
PING,4,,
KRB,3,,
ALLOY,5,,
TDX,3,,
TYPH,4,,
PEOS,4,,
BOB,3,,
BITS,4,,
CPT,3,,
FTX,3,,
BWX,3,,
KCAL,4,,
TFL,3,,
XAS,3,,
AIDOC,5,,
YAE,3,,
BSCV,4,,
MTN,3,,
PLA,3,,
EOST,4,,
VNXLU,5,,
QWC,3,,
XAUR,4,,
WCT,3,,
BIZZ,4,,
YEC,3,,
STK,3,,
XCHF,4,,
SMLY,4,,
LOBS,4,,
UBEX,4,,
MGO,3,,
GCC,3,,
FYD,3,,
CNB,3,,
POE,3,,
MNC,3,,
VIG,3,,
EXE,3,,
INNBC,5,,
PMEER,5,,
DONUT,5,,
HGOLD,5,,
HOMI,4,,
PXC,3,,
REPO,4,,
GOT,3,,
ORS,3,,
DOGEC,5,,
EBOX,4,,
BMC,3,,
DEFI++,6,,
BXY,3,,
COIN,4,,
MONK,4,,
GHOST,5,,
SPN,3,,
VIN,3,,
SHIELD,6,,
HYFI,4,,
COSM,4,,
ECU,3,,
FJC,3,,
OWC,3,,
EKO,3,,
AUX,3,,
VIPS,4,,
TTN,3,,
AG8,3,,
HMQ,3,,
FDZ,3,,
RISE,4,,
MBC,3,,
YFIII,5,,
DCT,3,,
COFI,4,,
RISE,4,,
XSM,3,,
KIMCHI,6,,
BTO,3,,
OPT,3,,
BBP,3,,
LOOT,4,,
XBC,3,,
FUND,4,,
LOCK,4,,
SHND,4,,
SHIP,4,,
FTI,3,,
TOL,3,,
CORN,4,,
ADM,3,,
ZNZ,3,,
OWN,3,,
DACS,4,,
NFTI,4,,
ZUM,3,,
KNDC,4,,
SGT,3,,
NBOT,4,,
EBRH,4,,
XNK,3,,
RPD,3,,
ADC,3,,
SFX,3,,
DATX,4,,
LAUNCH,6,,
CANN,4,,
NCC,3,,
FMTA,4,,
NSR,3,,
BTB,3,,
UGOTCHI,7,,
UPX,3,,
BECN,4,,
MCM,3,,
ZXC,3,,
JAR,3,,
TRST,4,,
EBC,3,,
VLD,3,,
SHPING,6,,
BRZE,4,,
YSEC,4,,
ZUT,3,,
ELEC,4,,
BZE,3,,
EVC,3,,
RTE,3,,
GOLD,4,,
ENB,3,,
CTASK,5,,
MPG,3,,
BBK,3,,
HAVY,4,,
ZRC,3,,
MILK2,5,,
IHT,3,,
EXCL,4,,
EDC,3,,
IDT,3,,
PMGT,4,,
XWP,3,,
BXC,3,,
ACM,3,,
NEXT,4,,
LND,3,,
COVA,4,,
CLR,3,,
$ROPE,5,,
YETH,4,,
EPIC,4,,
IUT,3,,
HX,2,,
PHI,3,,
OMC,3,,
TFF,3,,
CREA,4,,
XNV,3,,
DGC,3,,
LCS,3,,
CVA,3,,
ZP,2,,
IND,3,,
BITC,4,,
TREAT,5,,
IMT,3,,
LTHN,4,,
ERK,3,,
XAMP,4,,
DCNTR,5,,
BBR,3,,
MALW,4,,
DAM,3,,
ETZ,3,,
X42,3,,
PTE,3,,
DRG,3,,
JCT,3,,
ADT,3,,
PKT,3,,
UDOKI,5,,
DHV,3,,
ISLA,4,,
KT,2,,
ARNX,4,,
ECOM,4,,
YVS,3,,
XMON,4,,
BITB,4,,
ECO,3,,
PNY,3,,
BCPT,4,,
STBU,4,,
SONO,4,,
REAL,4,,
TANGO,5,,
TCH,3,,
ROT,3,,
LYNC,4,,
TEND,4,,
INE,3,,
NEVA,4,,
EDG,3,,
PYLNT,5,,
MSR,3,,
BDG,3,,
MBN,3,,
LANA,4,,
EVE,3,,
FRC,3,,
FXT,3,,
INK,3,,
SSP,3,,
ETHV,4,,
CBC,3,,
XNB,3,,
DPY,3,,
SVX,3,,
CBIX,4,,
SHAKE,5,,
ETHYS,5,,
TRO,3,,
IXT,3,,
CDL,3,,
DDK,3,,
SIB,3,,
WOWS,4,,
BUZZ,4,,
XDNA,4,,
XPD,3,,
PPY,3,,
NCDT,4,,
KDG,3,,
ZPAE,4,,
IPL,3,,
CCRB,4,,
PASS,4,,
PAK,3,,
FUEL,4,,
RET,3,,
OLXA,4,,
BID,3,,
ZPR,3,,
MBONK,5,,
KUV,3,,
1MT,3,,
QCH,3,,
PIPT,4,,
PUX,3,,
RENDOGE,7,,
ELET,4,,
BET,3,,
MANNA,5,,
BITTO,5,,
WFX,3,,
TROLL,5,,
ATN,3,,
BNTY,4,,
PHT,3,,
DIT,3,,
CHART,5,,
GPYX,4,,
CATE,4,,
BLU,3,,
ABX,3,,
BIR,3,,
TYPE,4,,
ORB,3,,
ATL,3,,
MAX,3,,
QARK,4,,
ATMOS,5,,
AXIS,4,,
VI,2,,
TPAY,4,,
TRUST,5,,
LUN,3,,
ENT,3,,
VOX,3,,
SAR,3,,
HBX,3,,
TELOS,5,,
MRK,3,,
HSC,3,,
REEC,4,,
BSTY,4,,
GOT,3,,
GENE,4,,
METM,4,,
PTC,3,,
LOG,3,,
EGEM,4,,
SCT,3,,
RATING,6,,
RED,3,,
CSPN,4,,
TCC,3,,
FUSII,5,,
ISIKC,5,,
GBX,3,,
ART,3,,
FTN,3,,
WIZ,3,,
PEG,3,,
SXUT,4,,
DEAL,4,,
MERI,4,,
POSS,4,,
LMY,3,,
TRC,3,,
MIB,3,,
PXG,3,,
TON,3,,
DBIX,4,,
ESBC,4,,
NKC,3,,
XBP,3,,
A,1,,
GZRO,4,,
AMA,3,,
LIT,3,,
RBLX,4,,
NOR,3,,
RITO,4,,
CORX,4,,
TNC,3,,
MASK,4,,
STX,3,,
VIKKY,5,,
RMPL,4,,
ZCR,3,,
KP4R,4,,
BNY,3,,
CFL,3,,
CHND,4,,
CEN,3,,
MEC,3,,
VIP,3,,
FLP,3,,
S,1,,
GMC,3,,
STM,3,,
MMO,3,,
yTSLA,5,,
PCH,3,,
WG0,3,,
SWT,3,,
STBZ,4,,
RULER,5,,
ORMEUS,6,,
DBET,4,,
ZPT,3,,
GLS,3,,
BDK,3,,
FACE,4,,
GRFT,4,,
MODX,4,,
CAT,3,,
PRIA,4,,
IETH,4,,
BMH,3,,
AT,2,,
NOVO,4,,
BIRD,4,,
EVY,3,,
EGG,3,,
WCO,3,,
PBT,3,,
BOUTS,5,,
CHEESE,6,,
IONC,4,,
ZNY,3,,
SPHTX,5,,
BLTG,4,,
USDS,4,,
INX,3,,
KUE,3,,
HGT,3,,
RVT,3,,
BTU,3,,
AXE,3,,
SPD,3,,
IOP,3,,
GRG,3,,
DEB,3,,
BTDX,4,,
OPT,3,,
DML,3,,
ORE,3,,
JET,3,,
KFX,3,,
XLR,3,,
BITX,4,,
SBS,3,,
QBT,3,,
ZSC,3,,
ZLA,3,,
MOTO,4,,
ZENI,4,,
SWING,5,,
LQTY,4,,
BERRY,5,,
MAX,3,,
SNRG,4,,
DEM,3,,
KICKS,5,,
PWR,3,,
ALI,3,,
CRP,3,,
OCT,3,,
HQX,3,,
ESH,3,,
START,5,,
JUI,3,,
FYP,3,,
BGL,3,,
SHDW,4,,
LQD,3,,
FOTA,4,,
ONL,3,,
SCL,3,,
X8X,3,,
STS,3,,
WOA,3,,
XPT,3,,
FESS,4,,
HER,3,,
STAR,4,,
UP,2,,
BRDG,4,,
MEXC,4,,
FLUX,4,,
MNC,3,,
ETHY,4,,
KGO,3,,
SKB,3,,
PHT,3,,
VTX,3,,
CCN,3,,
VOTE,4,,
SOUL,4,,
ALT,3,,
PUT,3,,
TSL,3,,
BDP,3,,
DOPE,4,,
XMV,3,,
STAK,4,,
SCB,3,,
CHESS,5,,
ASAFE,5,,
ARAW,4,,
TIX,3,,
GEM,3,,
VDL,3,,
FUD,3,,
BEET,4,,
STAC,4,,
PENG,4,,
LYRA,4,,
IQ,2,,
TCASH,5,,
GFUN,4,,
KOBO,4,,
TCORE,5,,
PEPS,4,,
ALMX,4,,
SPD,3,,
MINTME,6,,
PHO,3,,
SEM,3,,
IRD,3,,
DFS,3,,
ARCO,4,,
ETG,3,,
SENC,4,,
PTON,4,,
TBX,3,,
BBS,3,,
XCN,3,,
MCT,3,,
WCK,3,,
MYB,3,,
BITS,4,,
ZET,3,,
CNTM,4,,
PIPL,4,,
MNTP,4,,
DYNMT,5,,
BQQQ,4,,
BBOO,4,,
ANC,3,,
KSEED,5,,
MORE,4,,
SINS,4,,
SCR,3,,
N0031,5,,
ARC,3,,
ION,3,,
HB,2,,
MAS,3,,
UCM,3,,
NMP,3,,
QUIN,4,,
INSN,4,,
HSN,3,,
ACED,4,,
THRT,4,,
UUNICLY,7,,
DAY,3,,
ROAD,4,,
CNRG,4,,
FLX,3,,
USDX,4,,
TOC,3,,
TSD,3,,
ZUC,3,,
MOTA,4,,
BEZ,3,,
BLUE,4,,
ZNT,3,,
IMG,3,,
FOXT,4,,
TDP,3,,
BTR,3,,
NBC,3,,
KIND,4,,
GIN,3,,
BLOC,4,,
WAND,4,,
ARQ,3,,
ELY,3,,
OOT,3,,
MCASH,5,,
XPA,3,,
AMM,3,,
BEER,4,,
XSH,3,,
GENE,4,,
ROCK2,5,,
2GIVE,5,,
CO2,3,,
HUSH,4,,
INN,3,,
STQ,3,,
NETKO,5,,
PRIV,4,,
DCTO,4,,
YMPL,4,,
TM2,3,,
GMB,3,,
NTRN,4,,
EMD,3,,
PIRL,4,,
SLR,3,,
ESCE,4,,
AC3,3,,
KURT,4,,
PDATA,5,,
SSS,3,,
BBO,3,,
HAND,4,,
YTN,3,,
PLURA,5,,
SHMN,4,,
TUP,3,,
WTN,3,,
MOR,3,,
BTCT,4,,
VGW,3,,
UNIFY,5,,
DXT,3,,
UBN,3,,
FLOT,4,,
HWC,3,,
NSD,3,,
MAC,3,,
ELLA,4,,
SWIFT,5,,
RBT,3,,
SKIN,4,,
CROAT,5,,
MICRO,5,,
CTT,3,,
INVE,4,,
CGEN,4,,
COB,3,,
TNS,3,,
ATCC,4,,
CJ,2,,
AIX,3,,
CVCC,4,,
YFFII,5,,
SYN,3,,
BLC,3,,
POP,3,,
POSW,4,,
BON,3,,
VRS,3,,
MES,3,,
ENRG,4,,
BOLI,4,,
LST,3,,
DISTX,5,,
IFT,3,,
REB2,4,,
PYN,3,,
SCC,3,,
BTA,3,,
AIM,3,,
CRDT,4,,
WGP,3,,
LDC,3,,
PTI,3,,
OPTI,4,,
TRUMP,5,,
ADZ,3,,
DFT,3,,
BELA,4,,
CTL,3,,
BSD,3,,
RIGEL,5,,
REX,3,,
HSS,3,,
YOC,3,,
PYRK,4,,
WAB,3,,
ZINC,4,,
HLIX,4,,
TAG,3,,
ES,2,,
ETI,3,,
ARO,3,,
EVIL,4,,
CMM,3,,
ADI,3,,
PKG,3,,
WVG0,4,,
ENTS,4,,
RAISE,5,,
VLS,3,,
LHT,3,,
MARTK,5,,
CMCT,4,,
FEX,3,,
ZDR,3,,
XGM,3,,
NPC,3,,
WEC,3,,
EVT,3,,
IC,2,,
FGC,3,,
WRC,3,,
TKP,3,,
SDS,3,,
CIV,3,,
UNI,3,,
WON,3,,
FSBT,4,,
SUPER,5,,
SWC,3,,
WEB,3,,
AREPA,5,,
VIDZ,4,,
PRCY,4,,
ITL,3,,
XTA,3,,
TGAME,5,,
INRT,4,,
HERB,4,,
LCP,3,,
DONU,4,,
OPAL,4,,
VULC,4,,
CMCT,4,,
BTCN,4,,
PGO,3,,
BURN,4,,
DUO,3,,
C2,2,,
VSL,3,,
TEAM,4,,
GXX,3,,
EXMR,4,,
GTM,3,,
BGTT,4,,
XPY,3,,
RUGZ,4,,
TIC,3,,
BERN,4,,
ZEUS,4,,
BTW,3,,
NFXC,4,,
XPAT,4,,
BTCL,4,,
IG,2,,
SVR,3,,
EVN,3,,
CRAD,4,,
SCAP,4,,
SMC,3,,
BEN,3,,
GCC,3,,
PRIX,4,,
BCZ,3,,
BCI,3,,
OURO,4,,
MAY,3,,
YFSI,4,,
ELTCOIN,7,,
NYEX,4,,
NRVE,4,,
VOCO,4,,
ENTRC,5,,
DTRC,4,,
ERO,3,,
DAB,3,,
FBN,3,,
OKS,3,,
XUEZ,4,,
KNT,3,,
DFS,3,,
PFR,3,,
XBI,3,,
BZX,3,,
CNUS,4,,
MOJO,4,,
CYMT,4,,
CALL,4,,
BIT,3,,
NPLC,4,,
TAN,3,,
JADE,4,,
GCN,3,,
FREC,4,,
DATP,4,,
GB,2,,
NAT,3,,
PRX,3,,
FUZE,4,,
ARION,5,,
ACE,3,,
FRST,4,,
PNX,3,,
UNI,3,,
BNTX,4,,
SFG,3,,
WAGE,4,,
STEEP,5,,
BFC,3,,
IFX24,5,,
PLAT,4,,
YFIVE,5,,
WCC,3,,
MFC,3,,
KWATT,5,,
CVA,3,,
BLUR,4,,
UVU,3,,
BRO,3,,
XSTAR,5,,
XGS,3,,
XCON,4,,
STREAM,6,,
CTRT,4,,
BSC,3,,
CPU,3,,
NAVY,4,,
BTRN,4,,
ETHPLO,6,,
VOT,3,,
ETX,3,,
RUP,3,,
POST,4,,
IMP,3,,
ATB,3,,
ZFL,3,,
FIRE,4,,
IMPL,4,,
XRA,3,,
GLT,3,,
SUR,3,,
HQT,3,,
YFBT,4,,
EDRC,4,,
LNC,3,,
ATH,3,,
MLM,3,,
ASA,3,,
FTXT,4,,
XIND,4,,
IMGC,4,,
aWSB,4,,
KNT,3,,
UCN,3,,
MFTU,4,,
UNIT,4,,
NZL,3,,
CCO,3,,
SHB,3,,
TCAT,4,,
CLX,3,,
TOTO,4,,
KEMA,4,,
ONX,3,,
ICOB,4,,
GCR,3,,
TAJ,3,,
DMB,3,,
NCP,3,,
MST,3,,
BXC,3,,
ARCT,4,,
DRM,3,,
PEX,3,,
BITS,4,,
YI12,4,,
TREX,4,,
TCH,3,,
SFCP,4,,
XCO,3,,
MXT,3,,
ANON,4,,
CPR,3,,
KUN,3,,
KLKS,4,,
IBTC,4,,
AER,3,,
BTAD,4,,
SEFA,4,,
FUZZ,4,,
KWH,3,,
BAZT,4,,
PAYX,4,,
GIC,3,,
MCC,3,,
BLAST,5,,
BREE,4,,
APR,3,,
XOV,3,,
SPT,3,,
MAR,3,,
SCRIV,5,,
CARE,4,,
CNT,3,,
PYRO,4,,
SPRKL,5,,
PKB,3,,
COMP,4,,
NTR,3,,
SPK,3,,
BCAC,4,,
TVNT,4,,
RBIES,5,,
GDR,3,,
HALV,4,,
EBK,3,,
XBTC21,6,,
$NOOB,5,,
COAL,4,,
SPR,3,,
ACOIN,5,,
MCC,3,,
GSR,3,,
JOINT,5,,
SET,3,,
HLX,3,,
GPKR,4,,
MEDIC,5,,
ITT,3,,
CF,2,,
CRM,3,,
onLEXpa,7,,
SONO,4,,
GALI,4,,
MCPC,4,,
SWYFTT,6,,
ULG,3,,
SHVR,4,,
OBEE,4,,
B2G,3,,
HNB,3,,
AMS,3,,
BNC,3,,
ZYD,3,,
HELP,4,,
ABST,4,,
ORE,3,,
KKC,3,,
XAP,3,,
PXI,3,,
SND,3,,
HVCO,4,,
GOSS,4,,
EXO,3,,
CUMMIES,7,,
NRP,3,,
CLC,3,,
QUAN,4,,
DTC,3,,
NOTE,4,,
ETHP,4,,
VEC2,4,,
ALLBI,5,,
DLC,3,,
CREVA,5,,
VLT,3,,
YLC,3,,
APC,3,,
EGX,3,,
QBC,3,,
FLC,3,,
SONG,4,,
ARB,3,,
MILO,4,,
MDTK,4,,
XDNA,4,,
CAB,3,,
WXC,3,,
DSR,3,,
LTCR,4,,
SQR,3,,
FLL,3,,
SCS,3,,
LUNA,4,,
CSTL,4,,
ROCO,4,,
CMT,3,,
DOW,3,,
EUC,3,,
BIT,3,,
NUKO,4,,
PAZZI,5,,
ELD,3,,
MOONSHOT,8,,
IBANK,5,,
IMS,3,,
IBS,3,,
RAGNA,5,,
NOAHP,5,,
MOX,3,,
LTK,3,,
VIVID,5,,
AKA,3,,
XMCT,4,,
SOCC,4,,
PAXEX,5,,
XPTX,4,,
CXT,3,,
PLNC,4,,
DASHG,5,,
VOLT,4,,
IRA,3,,
KTS,3,,
STR,3,,
JS,2,,
BRIA,4,,
CNNC,4,,
SANDG,5,,
CYL,3,,
PAMP,4,,
MNP,3,,
WBB,3,,
BUL,3,,
ICON,4,,
AAA,3,,
LTCU,4,,
MPT,3,,
KZC,3,,
DIN,3,,
MRI,3,,
NANOX,5,,
STO,3,,
SYBC,4,,
INNBCL,6,,
QBIC,4,,
HELP,4,,
LABX,4,,
ARGUS,5,,
PONZI,5,,
BENZ,4,,
CONX,4,,
FLT,3,,
HDI,3,,
AGLT,4,,
NBXC,4,,
GOLD,4,,
WETH,4,,
WHT,3,,
SHIB,4,,
CNC,3,,
LF,2,,
CUSDC,5,,
XRPUP,5,,
MVC,3,,
CDAI,4,,
BNBUP,5,,
CARDS,5,,
OKT,3,,
ETH3L,5,,
BTCUP,5,,
ERSDL,5,,
XNO,3,,
FINE,4,,
GAT,3,,
PLEX,4,,
XRPDOWN,7,,
BTC3L,5,,
SAFEMOON,8,,
SPORE,5,,
ETH3S,5,,
XRPBULL,7,,
BTC3S,5,,
BTCDOWN,7,,
BAGS,4,,
ALP,3,,
ELON,4,,
AKITA,5,,
COPS,4,,
BAG,3,,
GCR,3,,
EPAN,4,,
SXPUP,5,,
AUDT,4,,
VALUE,5,,
ETHUP,5,,
KINE,4,,
XTZUP,5,,
FILDA,5,,
BOX,3,,
TON,3,,
MSB,3,,
ADAUP,5,,
BETH,4,,
NAOS,4,,
BNBDOWN,7,,
ADABULL,7,,
APN,3,,
LINKUP,6,,
WIFI,4,,
XYM,3,,
CUSDT,5,,
ROCKS,5,,
DC,2,,
BEC,3,,
MIST,4,,
BOSON,5,,
ECP,3,,
ETHDOWN,7,,
HOO,3,,
MCAN,4,,
SUSHIUP,7,,
GERA,4,,
DVI,3,,
KISHU,5,,
DOTUP,5,,
STND,4,,
XT,2,,
OCC,3,,
FNB,3,,
EMC,3,,
SXPDOWN,7,,
KRYPTO,6,,
NBS,3,,
PEARL,5,,
OHM,3,,
LMT,3,,
DMD,3,,
UBX,3,,
AUR,3,,
BITCI,5,,
UDT,3,,
LEASH,5,,
BULL,4,,
FILUP,5,,
DAVP,4,,
XLMUP,5,,
VRX,3,,
AAVEUP,6,,
LTCUP,5,,
HORD,4,,
BERRY,5,,
ETHBULL,7,,
TRXUP,5,,
ZCX,3,,
ELONGATE,8,,
STN,3,,
BEAR,4,,
VELO,4,,
UNIUP,5,,
GHX,3,,
NODE,4,,
TCP,3,,
PIG,3,,
YO,2,,
NET,3,,
HDAC,4,,
DUCK,4,,
COPE,4,,
ALCX,4,,
SKEY,4,,
DPI,3,,
G999,4,,
EOSBULL,7,,
MOB,3,,
RUNE,4,,
MATICBULL,9,,
SAFEMARS,8,,
HOKK,4,,
100X,4,,
UNIDOWN,7,,
KOBE,4,,
ZERO,4,,
10SET,5,,
ATM,3,,
FLY,3,,
CUBE,4,,
CELL,4,,
BBI,3,,
WISE,4,,
POLA,4,,
LHB,3,,
FDO,3,,
BRZ,3,,
WASP,4,,
POLC,4,,
ZIG,3,,
GEN,3,,
ICP,3,,
OVR,3,,
FAIR,4,,
MASH,4,,
YFIDOWN,7,,
EOSDOWN,7,,
SKLAY,5,,
GLQ,3,,
NIF,3,,
STAK,4,,
SBDO,4,,
PIKACHU,7,,
LIEN,4,,
XTK,3,,
BLACK,5,,
USDF,4,,
KPAD,4,,
GOD,3,,
IDK,3,,
YFIUP,5,,
STC,3,,
BDPI,4,,
FXC,3,,
LEMD,4,,
DOGEBULL,8,,
GRAP,4,,
LINKBULL,8,,
BNBBULL,7,,
CSPR,4,,
OCTA,4,,
DDS,3,,
POOL,4,,
ELT,3,,
MFI,3,,
B20,3,,
DAPPT,5,,
LPOOL,5,,
BIA,3,,
GOF,3,,
GMT,3,,
FEG,3,,
1MIL,4,,
PKOIN,5,,
AOS,3,,
UNIQ,4,,
SHEESHA,7,,
BDT,3,,
STN,3,,
HYDRA,5,,
FIT,3,,
BYTS,4,,
WWAN,4,,
MGP,3,,
SAFESUN,7,,
FAST,4,,
BOG,3,,
AAVEDOWN,8,,
CVNT,4,,
RAI,3,,
DOTDOWN,7,,
SHOPX,5,,
STACK,5,,
AGOV,4,,
SUPERBID,8,,
WEMIX,5,,
HOPE,4,,
TRA,3,,
YFO,3,,
SDX,3,,
CARR,4,,
IBP,3,,
LBK,3,,
GTH,3,,
VX,2,,
VIDYX,5,,
COOK,4,,
BAMBOO,6,,
MOONSTAR,8,,
VARC,4,,
BRICK,5,,
ECELL,5,,
BCX,3,,
VAI,3,,
BSCX,4,,
FILDOWN,7,,
POL,3,,
VEN,3,,
FSCC,4,,
ZDEX,4,,
ADADOWN,7,,
SBTC,4,,
ICE,3,,
LOL,3,,
UFC,3,,
TRXBULL,7,,
WOMI,4,,
BAFE,4,,
SUP,3,,
DFD,3,,
WANUSDT,7,,
TCAKE,5,,
CCT,3,,
AUSCM,5,,
BSYS,4,,
HOPR,4,,
CPC,3,,
VBNT,4,,
WAF,3,,
CRWNY,5,,
CNZ,3,,
MOMO,4,,
MOMA,4,,
ASM,3,,
QBZ,3,,
DSCPL,5,,
INV,3,,
BST,3,,
SPE,3,,
BLES,4,,
KEY,3,,
MDX,3,,
TRXDOWN,7,,
RX,2,,
BTD,3,,
BTS,3,,
ZEP,3,,
DCTD,4,,
BDO,3,,
SHO,3,,
SMRAT,5,,
DIS,3,,
CHAIN,5,,
wCRES,5,,
ASS,3,,
LINKDOWN,8,,
SAFEGALAXY,10,,
BTCV,4,,
FST,3,,
TAI,3,,
DGCL,4,,
FSAFE,5,,
BSKT,4,,
DHC,3,,
TSR,3,,
PCI,3,,
MUST,4,,
SAFEBTC,7,,
CYF,3,,
XRPBEAR,7,,
WGRT,4,,
A5T,3,,
GMEE,4,,
START,5,,
MM,2,,
AQUAGOAT,8,,
SMG,3,,
SHDC,4,,
CCA,3,,
DFY,3,,
EDC,3,,
DXD,3,,
JASMY,5,,
SHILD,5,,
TARA,4,,
pBTC35A,7,,
BCHBULL,7,,
CHS,3,,
NFI,3,,
XLMDOWN,7,,
FLX,3,,
CFXQ,4,,
MARS,4,,
AXN,3,,
BDCC,4,,
CTI,3,,
UNN,3,,
MBX,3,,
JFI,3,,
PANDO,5,,
HFI,3,,
$KING,5,,
CYC,3,,
ONC,3,,
ADP,3,,
ACS,3,,
VAL,3,,
GBPU,4,,
TPT,3,,
PAYT,4,,
FOX,3,,
XUC,3,,
CZRX,4,,
ARTE,4,,
ADEL,4,,
BVND,4,,
MCB,3,,
BAS,3,,
EC,2,,
VXV,3,,
CHT,3,,
VNTW,4,,
GAINS,5,,
CLIQ,4,,
BKK,3,,
EURU,4,,
SUSHIBULL,9,,
DWS,3,,
LTCBULL,7,,
LST,3,,
WBX,3,,
PIT,3,,
ME,2,,
SHFT,4,,
MBS,3,,
PIE,3,,
MRCH,4,,
CON,3,,
DVG,3,,
NIU,3,,
SOC,3,,
STA,3,,
TOPC,4,,
JUS,3,,
BID,3,,
MANY,4,,
STAR,4,,
DXF,3,,
LAR,3,,
PREMIA,6,,
ORO,3,,
SALE,4,,
ELAND,5,,
FNK,3,,
DEUS,4,,
SG,2,,
BNTX,4,,
SPDR,4,,
CNFI,4,,
ONS,3,,
CBAT,4,,
DGVC,4,,
NAME,4,,
AAPX,4,,
XTZDOWN,7,,
SAFEEARTH,9,,
TTT,3,,
ONX,3,,
SAFESTAR,8,,
USDU,4,,
BCA,3,,
XBE,3,,
CAN,3,,
YAM,3,,
GST2,4,,
GUSDT,5,,
USF,3,,
DMT,3,,
BKS,3,,
BFLY,4,,
WASABI,6,,
MUTE,4,,
MARS,4,,
STRI,4,,
dART,4,,
CNNS,4,,
TSLA,4,,
DOP,3,,
ATD,3,,
COFI,4,,
HUNGRY,6,,
RMOON,5,,
BLN,3,,
SWIRL,5,,
WAULT,5,,
WQT,3,,
RVF,3,,
BKBT,4,,
NGM,3,,
BUY,3,,
erowan,6,,
RICH,4,,
BSVBULL,7,,
ATP,3,,
BT,2,,
ZEFI,4,,
NCAT,4,,
BDT,3,,
ZUSD,4,,
CC10,4,,
TOOLS,5,,
SAFU,4,,
SAFEYIELD,9,,
SOVI,4,,
COIN,4,,
MOONTOKEN,9,,
DFT,3,,
QI,2,,
N0001,5,,
UBU,3,,
JULB,4,,
ALGOBULL,8,,
B360,4,,
XGG,3,,
BCMC1,5,,
ACOIN,5,,
MVEDA,5,,
TBCC,4,,
PRVS,4,,
DAILY,5,,
INDEX,5,,
MTS,3,,
REVO,4,,
TSLA,4,,
EIDOS,5,,
NUX,3,,
1337,4,,
BLX,3,,
TCFX,4,,
BYN,3,,
CREDIT,6,,
BTSUCN,6,,
LTCDOWN,7,,
POODL,5,,
DAOFI,5,,
MIN,3,,
TRDG,4,,
GDAO,4,,
BINGUS,6,,
LPL,3,,
USDF,4,,
CHOW,4,,
ROC,3,,
KIF,3,,
RENFIL,6,,
DEA,3,,
ZYRO,4,,
QRX,3,,
JNTR,4,,
LAS,3,,
PWAY,4,,
BANANA,6,,
MPT,3,,
FIT,3,,
EGT,3,,
AFC,3,,
HBO,3,,
arNXM,5,,
RAKU,4,,
ETHBEAR,7,,
DMC,3,,
MT,2,,
NIA,3,,
FMG,3,,
BQT,3,,
MPH,3,,
BITT,4,,
HIBS,4,,
YCC,3,,
FC,2,,
WOOP,4,,
LOON,4,,
CCAKE,5,,
XFUND,5,,
BID,3,,
PPDEX,5,,
SI,2,,
DEGEN,5,,
DEXTF,5,,
VANCAT,6,,
Mars,4,,
BSP,3,,
MQL,3,,
XTZBULL,7,,
UNL,3,,
EOSBEAR,7,,
WSOTE,5,,
PNGN,4,,
SDFI,4,,
PDO,3,,
DON,3,,
PIPI,4,,
DACC,4,,
COLL,4,,
DDOS,4,,
MDU,3,,
GBK,3,,
UCM,3,,
L3P,3,,
MTR,3,,
RISKMOON,8,,
JBX,3,,
BANANA,6,,
BFI,3,,
CUB,3,,
LAVA,4,,
CAN,3,,
ATTN,4,,
FOMP,4,,
FORCE,5,,
DFSOCIAL,8,,
QUAI,4,,
STR,3,,
UP,2,,
MXT,3,,
GOAT,4,,
SAFELIGHT,9,,
PTERIA,6,,
NIO,3,,
CON,3,,
DANK,4,,
UBU,3,,
COMB,4,,
HPY,3,,
ALPA,4,,
EULER,5,,
FRA,3,,
RAK,3,,
KSS,3,,
xDAI,4,,
KEY,3,,
ETHIX,5,,
FROGE,5,,
BCHBEAR,7,,
GHT,3,,
SPA,3,,
YELD,4,,
SLM,3,,
GOVI,4,,
MXW,3,,
HOGL,4,,
FCH,3,,
VAL,3,,
KLT,3,,
REAU,4,,
POWER,5,,
EARNX,5,,
EURXB,5,,
MUNCH,5,,
ROZ,3,,
NBU,3,,
TFT,3,,
FIRE,4,,
pETH18C,7,,
BUP,3,,
UCAP,4,,
PRY,3,,
SLNV2,5,,
WORLD,5,,
TOK,3,,
MOGX,4,,
FL,2,,
NMX,3,,
AMZN,4,,
STRIKE,6,,
OXB,3,,
WSCRT,5,,
ARTH,4,,
CLV,3,,
MSWAP,5,,
BU,2,,
SAFETESLA,9,,
TORPEDO,7,,
MVI,3,,
MEET,4,,
KEYT,4,,
DEGOV,5,,
CRING,5,,
POOCOIN,7,,
DAPP,4,,
ELX,3,,
KET,3,,
ATOMBULL,8,,
MNDAO,5,,
DUSD,4,,
FRMX,4,,
EGCC,4,,
BDT,3,,
BPX,3,,
BLOC,4,,
IFT,3,,
ICH,3,,
SWAMP,5,,
BANK,4,,
BUILD,5,,
ROOT,4,,
BASK,4,,
EA,2,,
BCNT,4,,
DWZ,3,,
HINT,4,,
STARS,5,,
MELLO,5,,
XAG,3,,
MCO2,4,,
KEK,3,,
AXIA,4,,
XAUT,4,,
FMT,3,,
DOGIRA,6,,
XPO,3,,
mGOOGL,6,,
WIS,3,,
DELTA,5,,
BUT,3,,
eMTRG,5,,
STACK,5,,
POLVEN,6,,
MDS,3,,
HZT,3,,
FSHN,4,,
KILI,4,,
PAR,3,,
EXEN,4,,
MOFI,4,,
MINA,4,,
KTT,3,,
CTC,3,,
IIC,3,,
CLT,3,,
1ST,3,,
DEXG,4,,
TUBE,4,,
XBN,3,,
TKMN,4,,
WGOLD,5,,
ITS,3,,
DXH,3,,
BSE,3,,
PDAO,4,,
MCH,3,,
ARTX,4,,
BLOWF,5,,
FAR,3,,
MoFi,4,,
BOTS,4,,
NDS,3,,
TWIN,4,,
UC,2,,
SOGE,4,,
NDAU,4,,
imBTC,5,,
MIMO,4,,
MEDI,4,,
ETCBULL,7,,
FX1,3,,
CAP,3,,
MIS,3,,
MIS,3,,
MORA,4,,
XRGE,4,,
GOGO,4,,
SHE,3,,
WCELO,5,,
ZUZ,3,,
KBTC,4,,
ALTBULL,7,,
REAP,4,,
DGN,3,,
BLUE,4,,
BTSG,4,,
BNOX,4,,
STOP,4,,
EFK,3,,
ZWAP,4,,
YFIM,4,,
LEMO,4,,
CHZ006,6,,
PENDLE,6,,
DFIO,4,,
BULLS,5,,
DDR,3,,
WELL,4,,
LIGHT,5,,
DIC,3,,
ROCKS,5,,
CO2B,4,,
MOON STOP,9,,
HAPY,4,,
DT,2,,
MM,2,,
RAINI,5,,
MUST,4,,
AIN,3,,
BBC,3,,
FCH,3,,
CBP,3,,
GOFI,4,,
TLB,3,,
CLIMB,5,,
YAMV2,5,,
GOLDUCK,7,,
SWOP,4,,
TRND,4,,
ibETH,5,,
QUAM,4,,
GSPI,4,,
DROPS,5,,
HYPER,5,,
ROPE,4,,
BUIDL,5,,
POLT,4,,
GIX,3,,
ETHBN,5,,
FONT,4,,
BNS,3,,
PHO,3,,
DFT,3,,
DIP,3,,
LUD,3,,
DEFLCT,6,,
OAP,3,,
HBT,3,,
GSMT,4,,
LUCK,4,,
PAPER,5,,
FUEL,4,,
GOLD,4,,
KEL,3,,
GHD,3,,
SECO,4,,
MP4,3,,
MTF,3,,
BB,2,,
MINDS,5,,
EARN,4,,
CE,2,,
EHASH,5,,
VISION,6,,
TOS,3,,
XIN,3,,
MDAO,4,,
SPACE,5,,
REFI,4,,
SATX,4,,
ODE,3,,
VRGX,4,,
ACXT,4,,
BIFI,4,,
MNTIS,5,,
FFF,3,,
LONG,4,,
TOMOBULL,8,,
LOT,3,,
AENS,4,,
OX,2,,
BTA,3,,
YNI,3,,
GZIL,4,,
LIMIT,5,,
BSBT,4,,
BXA,3,,
JFC,3,,
SZC,3,,
EDU,3,,
FXT,3,,
ARA,3,,
PASTA,5,,
POFI,4,,
MSTR,4,,
GAZE,4,,
HBD,3,,
PBOM,4,,
UBTC,4,,
FOTO,4,,
WENMOON,7,,
RVX,3,,
ENV,3,,
GME,3,,
SNBL,4,,
LIBREF,6,,
BNTX,4,,
KYTE,4,,
TBTC,4,,
PAPEL,5,,
VKF,3,,
RUPEE,5,,
HUB,3,,
OBR,3,,
GLOX,4,,
NTB,3,,
HUGO,4,,
SAFEP,5,,
XQC,3,,
SST,3,,
PMP,3,,
HYBN,4,,
JWL,3,,
DSD,3,,
ITAM,4,,
REL,3,,
UAT,3,,
MOCHI,5,,
LCMS,4,,
MDO,3,,
MIDBULL,7,,
JNB,3,,
PC,2,,
GGTK,4,,
CHFT,4,,
KOIN,4,,
IQQ,3,,
BCR,3,,
BULLSHIT,8,,
REVO,4,,
TWEE,4,,
SATOZ,5,,
BTMXBULL,8,,
ICA,3,,
LYFE,4,,
ARX,3,,
CTF,3,,
RAM,3,,
WANUSDC,7,,
RARE,4,,
LRG,3,,
PEPR,4,,
GLDY,4,,
CL,2,,
SLME,4,,
JT,2,,
LDN,3,,
HTBULL,6,,
DSYS,4,,
ZUR,3,,
KIND,4,,
DIP,3,,
RYIU,4,,
GYSR,4,,
NANA,4,,
AKN,3,,
RAMEN,5,,
KEYFI,5,,
SBTC,4,,
XEQ,3,,
YFD,3,,
BSVBEAR,7,,
BITO,4,,
SPORE,5,,
EYE,3,,
DGP,3,,
CPI,3,,
GRUMPY,6,,
LINKBEAR,8,,
OPNN,4,,
JSB,3,,
MINTY,5,,
BILI,4,,
XSUSHI,6,,
MINI,4,,
OGC,3,,
WAXE,4,,
TMT,3,,
GBTC,4,,
YLD,3,,
RENZEC,6,,
WEC,3,,
XLPG,4,,
SX,2,,
BAG,3,,
XTZBEAR,7,,
KONJ,4,,
KGC,3,,
R3FI,4,,
CAROM,5,,
LTK,3,,
JOYS,4,,
CHIK,4,,
DEVE,4,,
WHL,3,,
CIX100,6,,
STKR,4,,
CBT,3,,
SCAT,4,,
NAWA,4,,
SASHIMI,7,,
AAPL,4,,
BUSY,4,,
GC,2,,
CHAR,4,,
XCF,3,,
YCE,3,,
SACT,4,,
LBY,3,,
BNFY,4,,
DFT,3,,
$COIN,5,,
DNS,3,,
ALOHA,5,,
XMARK,5,,
SOUL,4,,
LLT,3,,
UNIDX,5,,
NAUT,4,,
GFARM2,6,,
RAP,3,,
BTX,3,,
PORTAL,6,,
BAFI,4,,
CRT,3,,
TRXBEAR,7,,
NPXS,4,,
LTCBEAR,7,,
FRIES,5,,
KP3RB,5,,
LBXC,4,,
LEM,3,,
ZTNZ,4,,
METRIC,6,,
DILI,4,,
KLP,3,,
MP3,3,,
CFT,3,,
KIMOCHI,7,,
PTD,3,,
UME,3,,
USDP,4,,
DEFIT,5,,
CSPC,4,,
GST,3,,
MCDC,4,,
NNB,3,,
BITSZ,5,,
PYX,3,,
STETH,5,,
GYEN,4,,
CATX,4,,
RSV,3,,
TIGER,5,,
EDDA,4,,
FOCV,4,,
XEP,3,,
AGOLP,5,,
RIT20,5,,
ZUSD,4,,
WANEOS,6,,
ESTI,4,,
JDC,3,,
MEGA,4,,
1GOLD,5,,
TV,2,,
YMAX,4,,
XGT,3,,
ONES,4,,
YPIE,4,,
DAILYS,6,,
SUP8EME,7,,
KIP,3,,
D100,4,,
RWN,3,,
PAL,3,,
PROPEL,6,,
KONG,4,,
PERX,4,,
VD,2,,
MEE,3,,
UMBR,4,,
GBX,3,,
GPT,3,,
LID,3,,
CHORD,5,,
ARKK,4,,
xBLZD,5,,
FOX,3,,
SALT,4,,
LNT,3,,
PINT,4,,
SAFECOM,7,,
GLDR,4,,
ARCC,4,,
CORN,4,,
EFT,3,,
HEDGE,5,,
FAI,3,,
808TA,5,,
LINA,4,,
NGC,3,,
4ART,4,,
TEN,3,,
UNW,3,,
OCT,3,,
EXF,3,,
PTM,3,,
YT,2,,
AGRS,4,,
WDC,3,,
DEFI+L,6,,
UTED,4,,
XCP,3,,
CHEX,4,,
GVE,3,,
AIRX,4,,
TAO,3,,
CYFM,4,,
CUE,3,,
BNZ,3,,
VVT,3,,
TNDR,4,,
XDAG,4,,
BTAP,4,,
NDN,3,,
OTB,3,,
SPICE,5,,
VINCI,5,,
SENPAI,6,,
VRAP,4,,
SOX,3,,
CWBTC,5,,
PXT,3,,
EOX,3,,
ANI,3,,
WHIRL,5,,
BKKG,4,,
EHRT,4,,
WENR,4,,
BCVT,4,,
NEWOS,5,,
DEGENS,6,,
MERO,4,,
ETHHEDGE,8,,
MWG,3,,
SFUEL,5,,
DOGZ,4,,
DEVA,4,,
WAR,3,,
CIR,3,,
BALI,4,,
CORAL,5,,
HRD,3,,
GASP,4,,
FLEX,4,,
BCP,3,,
ECTE,4,,
DOVE,4,,
DENA,4,,
BSPAY,5,,
SIMPLE,6,,
TROP,4,,
WCCX,4,,
PIZZA,5,,
F1C,3,,
DSS,3,,
AK12,4,,
XRA,3,,
VBK,3,,
DYT,3,,
MERCI,5,,
IMO,3,,
PLG,3,,
UNCL,4,,
SPICE,5,,
NEC,3,,
BUX,3,,
LOA,3,,
IZE,3,,
MAZ,3,,
FECLIPSE,8,,
FMA,3,,
OKBBULL,7,,
ETM,3,,
HVE2,4,,
IFUND,5,,
ATOMBEAR,8,,
BLINK,5,,
QHC,3,,
TRUST,5,,
PWC,3,,
PSL,3,,
KANGAL,6,,
NBR,3,,
UWL,3,,
ASP,3,,
FSXU,4,,
ARCONA,6,,
XNS,3,,
HPS,3,,
LUXO,4,,
PQT,3,,
TUDA,4,,
COLX,4,,
MEX,3,,
EC,2,,
YFS,3,,
DEXM,4,,
POC,3,,
BNSD,4,,
KAU,3,,
ZIOT,4,,
ZOC,3,,
PIS,3,,
SAT,3,,
RAGE,4,,
JACK,4,,
GSE,3,,
PSHP,4,,
ISAL,4,,
MARSM,5,,
DRGNBULL,8,,
WAR,3,,
CRE,3,,
CENT,4,,
KFC,3,,
CROW,4,,
NEU,3,,
TBB,3,,
AIN,3,,
SPANK,5,,
TERN,4,,
CRETH2,6,,
ACC,3,,
MTC,3,,
HUB,3,,
CAP,3,,
BYND,4,,
SPOK,4,,
SEFI,4,,
BUND,4,,
USDL,4,,
GYA,3,,
TBT,3,,
YUI,3,,
PNIX,4,,
DXC,3,,
CRX,3,,
FOXD,4,,
TTX,3,,
KODX,4,,
LMCH,4,,
LTP,3,,
SDT,3,,
VIKING,6,,
FLS,3,,
BSJ,3,,
JUICE,5,,
AIB,3,,
ALG,3,,
MAYP,4,,
DEFI+S,6,,
WHX,3,,
PIGX,4,,
R34P,4,,
BNBBEAR,7,,
SWAG,4,,
TACO,4,,
MDM,3,,
FBT,3,,
DEBASE,6,,
ORC,3,,
GLC,3,,
ESPRO,5,,
FN,2,,
SHX,3,,
SCHO,4,,
BDOG,4,,
HBT,3,,
GNC,3,,
MRNA,4,,
YOK,3,,
VLT,3,,
BRN,3,,
SLV,3,,
YFOX,4,,
CRS,3,,
MYID,4,,
N3RDz,5,,
AMI,3,,
ROBO,4,,
50X,3,,
HODL,4,,
BFI,3,,
TTC,3,,
YFFS,4,,
PUNK-BASIC,10,,
EXRT,4,,
ESRC,4,,
MSC,3,,
KIAN,4,,
AXI,3,,
FRIDGE,6,,
CVT,3,,
XPB,3,,
ORCL5,5,,
UOP,3,,
HLAND,5,,
CGT,3,,
OAK,3,,
TACO,4,,
XDEX,4,,
WLEO,4,,
XNODE,5,,
CIPHC,5,,
BERRY,5,,
FAIRMOON,8,,
DSL,3,,
TGIC,4,,
PFID,4,,
777,3,,
UNDG,4,,
THS,3,,
ABNB,4,,
BNA,3,,
DEOR,4,,
SATVG,5,,
STP,3,,
TSM,3,,
IOEX,4,,
YFTE,4,,
SWISS,5,,
GM,2,,
ADABEAR,7,,
NVDA,4,,
SPORE,5,,
BLFI,4,,
DIGEX,5,,
CITY,4,,
EFAR,4,,
MWBTC,5,,
BRZX,4,,
USDFL,5,,
VRO,3,,
XPT,3,,
BASI,4,,
OVOA,4,,
TWI,3,,
TWTR,4,,
ALGOBEAR,8,,
SURF,4,,
OIL,3,,
MLR,3,,
FB,2,,
FIT,3,,
BAEPAY,6,,
QBX,3,,
B26,3,,
NEWW,4,,
GIV,3,,
IDO,3,,
HEBE,4,,
NYC,3,,
STPL,4,,
NYAN-2,6,,
VCCO,4,,
MORK,4,,
WANSUSHI,8,,
SWFL,4,,
VLAD,4,,
VOICE,5,,
TERN,4,,
TLW,3,,
SPHR,4,,
TUNE,4,,
CAMP,4,,
BCAPS,5,,
AMZ,3,,
UPT,3,,
SUSHIBEAR,9,,
YAM,3,,
WHEAT,5,,
HP,2,,
ECU,3,,
WANLINK,7,,
STACY,5,,
FETA,4,,
BSC,3,,
XFI,3,,
DFX,3,,
SHRMP,5,,
DJ15,4,,
GETH,4,,
HAZE,4,,
FRY,3,,
WDP,3,,
SPIZ,4,,
SPY,3,,
HAUS,4,,
GR,2,,
TAT,3,,
TRYB,4,,
MRS,3,,
TRY,3,,
PFI,3,,
THOR,4,,
FED,3,,
PLBT,4,,
BPP,3,,
YBEAR,5,,
BCDN,4,,
PARTY,5,,
YFIEC,5,,
ECA,3,,
PUML,4,,
LEVELG,6,,
MMAON,5,,
CPAY,4,,
UTNP,4,,
AVS,3,,
XVIX,4,,
FLO,3,,
YUP,3,,
DEFI,4,,
FAT,3,,
TEM,3,,
SKI,3,,
FDR,3,,
BBC,3,,
UCT,3,,
SMBSWAP,7,,
DOTX,4,,
SPORTS,6,,
RANK,4,,
HUE,3,,
PRDZ,4,,
ZCK,3,,
CCAKE,5,,
CSM,3,,
IBVOL,5,,
COMB,4,,
UNO,3,,
SQRT,4,,
PSI,3,,
SAV3,4,,
VSD,3,,
GTX,3,,
RPT,3,,
YSR,3,,
WBIND,5,,
YFT,3,,
POLAR,5,,
MAGI,4,,
LIQUID,6,,
MCP,3,,
ENTONE,6,,
ADL,3,,
POX,3,,
PHOON,5,,
BVOL,4,,
ANT,3,,
VMR,3,,
MSS,3,,
DNA,3,,
COFE,4,,
DIESEL,6,,
UNII,4,,
WSHIFT,6,,
PSY,3,,
NLC2,4,,
SERGS,5,,
JEM,3,,
VNDC,4,,
ZOM,3,,
BLVR,4,,
BONO,4,,
APE,3,,
TBP,3,,
YFW,3,,
BSOV,4,,
SCH,3,,
DAFT,4,,
VDX,3,,
PRQBOOST,8,,
LKN,3,,
DCY,3,,
METH,4,,
EMT,3,,
CDEX,4,,
RPEPE,5,,
WIKI,4,,
SLS,3,,
GDC,3,,
BNP,3,,
STOGE,5,,
HUSKY,5,,
BOS,3,,
VANCII,6,,
SHD,3,,
UFO,3,,
CAVO,4,,
GC,2,,
RYIP,4,,
BPOP,4,,
VLU,3,,
FR,2,,
THX,3,,
ECOREAL,7,,
SOP,3,,
ASI,3,,
WDC,3,,
LIMEX,5,,
GOOGL,5,,
TFD,3,,
AMD,3,,
ABS,3,,
HITX,4,,
APLP,4,,
BCHC,4,,
DMME,4,,
GRAIN,5,,
SAM,3,,
ENOL,4,,
ASSY,4,,
BA,2,,
gKIMCHI,7,,
NEBO,4,,
TRISM,5,,
TOSC,4,,
NS,2,,
yPANDA,6,,
NAR,3,,
GOLDR,5,,
GANJA,5,,
MXF,3,,
MCRN,4,,
SMDX,4,,
TACO,4,,
POKE,4,,
$TRDL,5,,
mFB,3,,
NST,3,,
TUSC,4,,
XLA,3,,
NFLX,4,,
HTA,3,,
LIB,3,,
CAN,3,,
QAC,3,,
NOIZ,4,,
NVA,3,,
UFO,3,,
MANDI,5,,
PBTC,4,,
WANUNI,6,,
WATER,5,,
ALG,3,,
BQTX,4,,
DEFI5,5,,
QOOB,4,,
EDS,3,,
SPRK,4,,
AUR,3,,
GROOT,5,,
KOK,3,,
SETH,4,,
AWX,3,,
SQ,2,,
CREP,4,,
NARUTO2,7,,
CASH,4,,
IDALL,5,,
CRL,3,,
FME,3,,
DESH,4,,
NUT,3,,
MLA,3,,
iOWN,4,,
B21,3,,
YAS,3,,
BLACK,5,,
WAYF,4,,
YEFIM,5,,
VBZRX,5,,
CORD,4,,
RIFT,4,,
GST,3,,
UCX,3,,
SMOKE,5,,
CREX,4,,
TAXI,4,,
HBDC,4,,
PFE,3,,
MODEX,5,,
HP,2,,
BHIG,4,,
DSWAP,5,,
ZOM,3,,
YFPI,4,,
PFI,3,,
BCNA,4,,
AMC,3,,
COMOS,5,,
GADOSHI,7,,
PLUT,4,,
LOL,3,,
SPRINK,6,,
EMRALS,6,,
BXK,3,,
KIM,3,,
DUN,3,,
DFO,3,,
PSIX,4,,
BASX,4,,
RFR,3,,
ACE,3,,
TRI,3,,
BCU,3,,
BABA,4,,
DFX,3,,
DEFO,4,,
LUCY,4,,
DMS,3,,
XMM,3,,
YFIA,4,,
VEO,3,,
WZEC,4,,
UTT,3,,
SPY,3,,
BEE,3,,
yVault LP-yCurve(YYCRV),23,,
NOKN,4,,
AAPL,4,,
7E,2,,
YFFI,4,,
PLA,3,,
YFBTC,5,,
VIDA,4,,
P2P,3,,
BID,3,,
TOSHI,5,,
SOJU,4,,
YETI,4,,
UHP,3,,
YAPE,4,,
STV,3,,
YFP,3,,
VANY,4,,
LYR,3,,
YFDOT,5,,
JMC,3,,
NTON,4,,
UNIFI,5,,
LVX,3,,
DETS,4,,
KPC,3,,
TEP,3,,
CBUCKS,6,,
ASY,3,,
SCU,3,,
UNIT,4,,
UTU,3,,
DEQ,3,,
ECOC,4,,
BIUT,4,,
PURE,4,,
YFPRO,5,,
MYTV,4,,
NFLX,4,,
MIDAS,5,,
DDRT,4,,
WPX,3,,
AUNIT,5,,
GASG,4,,
DRAGON,6,,
YFE,3,,
IPM,3,,
ALH,3,,
TOP,3,,
AMZN,4,,
EFG,3,,
MYX,3,,
XDEF2,5,,
ABET,4,,
JPYC,4,,
UBER,4,,
PYPL,4,,
IDL,3,,
CUST,4,,
SOFI,4,,
IOV,3,,
OWL,3,,
CHM,3,,
EXT,3,,
YFUEL,5,,
DRAGON,6,,
URAC,4,,
HXN,3,,
RICK,4,,
WTF,3,,
DFST,4,,
AWG,3,,
BPT,3,,
FSC,3,,
UCR,3,,
FCD,3,,
ROX,3,,
XOR,3,,
ALIAS,5,,
IDH,3,,
CXC,3,,
ETCBEAR,7,,
DPT,3,,
ETNXP,5,,
SENSE,5,,
YFBETA,6,,
SHIFT,5,,
SCC,3,,
NBTC,4,,
WHOLE,5,,
CNX,3,,
DVT,3,,
ENCX,4,,
DON,3,,
KOMP,4,,
GVY,3,,
ALD,3,,
ORS,3,,
BAK,3,,
ANK,3,,
SNO,3,,
YFIB,4,,
OCB,3,,
A2A,3,,
YFIIG,5,,
FLASH,5,,
YMEN,4,,
ESK,3,,
CLA,3,,
AGVC,4,,
ECC,3,,
ACU,3,,
GGC,3,,
BDCASH,6,,
RFCTR,5,,
SYM,3,,
GEX,3,,
CLOUT,5,,
CELC,4,,
COIL,4,,
EVC,3,,
SHD,3,,
ODEX,4,,
METP,4,,
MAG,3,,
LKK,3,,
SBE,3,,
XIF,3,,
TRXC,4,,
EOC,3,,
SWPRL,5,,
COM,3,,
UNIUSD,6,,
USE,3,,
MTI,3,,
MD+,3,,
FORS,4,,
FNSP,4,,
BTCV,4,,
YFMS,4,,
YRISE,5,,
KEN,3,,
USDB,4,,
PROPHET,7,,
DICE,4,,
ILK,3,,
AET,3,,
LBD,3,,
UBIN,4,,
BMCH,4,,
XST,3,,
GTF,3,,
CHOP,4,,
HCA,3,,
NZO,3,,
YFOS,4,,
STXEM,5,,
YLAND,5,,
BABA,4,,
JDB,3,,
SGC,3,,
SKC,3,,
YFN,3,,
PBS,3,,
LSV,3,,
NAMI,4,,
SFR,3,,
MIC,3,,
PTN,3,,
SOUL,4,,
PCN,3,,
LVN,3,,
RM,2,,
MOONDAY,7,,
YFET,4,,
SMOL,4,,
ACPT,4,,
GCX,3,,
GOOGL,5,,
ECOS,4,,
TST,3,,
XTRM,4,,
EPS,3,,
CCE,3,,
XANK,4,,
WANBTC,6,,
FRMS,4,,
BYND,4,,
LAD,3,,
GRPL,4,,
BICAS,5,,
CT,2,,
PLUS1,5,,
SORA,4,,
BFF,3,,
DFR,3,,
NTK,3,,
HNDC,4,,
MOAC,4,,
RLE,3,,
XFYI,4,,
HPAY,4,,
ANK,3,,
CHL,3,,
ZCH,3,,
GXT,3,,
VN,2,,
YFID,4,,
XAUTBEAR,8,,
FTO,3,,
EVC,3,,
BEAR,4,,
BPLC,4,,
IMT,3,,
KMW,3,,
NYAN,4,,
TKNT,4,,
SCSX,4,,
FB,2,,
BITN,4,,
ZIPT,4,,
SAL,3,,
ETNX,4,,
IDX,3,,
CODEO,5,,
B1P,3,,
XSPC,4,,
MINT,4,,
OBIC,4,,
DVS,3,,
RC20,4,,
AZZR,4,,
YFI3,4,,
DOOS,4,,
INTX,4,,
I9C,3,,
ROS,3,,
WEBN,4,,
EVR,3,,
HGH,3,,
NILU,4,,
BTCT,4,,
BTRL,4,,
PROUD,5,,
BTNYX,5,,
IFLT,4,,
KBC,3,,
RBBT,4,,
RBY,3,,
BLAZR,5,,
SEND,4,,
BUB,3,,
HBN,3,,
CLAM,4,,
XQN,3,,
AXIOM,5,,
CLUB,4,,
AV,2,,
FRN,3,,
ACES,4,,
MAVRO,5,,
MCC,3,,
MSD,3,,
EONS,4,,
CFUN,4,,
MVC,3,,
PUT,3,,
IDXM,4,,
OC,2,,
VLC,3,,
J8T,3,,
PXC,3,,
CONI,4,,
ACDC,4,,
INB,3,,
OBTC,4,,
KXC,3,,
YUKI,4,,
TAC,3,,
CEN,3,,
AT,2,,
GZE,3,,
MOLK,4,,
CMIT,4,,
CARAT,5,,
DAGT,4,,
WIX,3,,
RSTR,4,,
WIRE,4,,
DEEX,4,,
DT,2,,
D4RK,4,,
MEDIBIT,7,,
BGG,3,,
OSA,3,,
BRC,3,,
FIII,4,,
ROM,3,,
QUSD,4,,
BOLTT,5,,
BBGC,4,,
HLT,3,,
XTX,3,,
WHEN,4,,
BCEO,4,,
VOLLAR,6,,
DUO,3,,
VJC,3,,
TRAT,4,,
XLMG,4,,
ATLS,4,,
TRP,3,,
NEAL,4,,
BST,3,,
USDQ,4,,
MGC,3,,
TMN,3,,
EXOR,4,,
YTA,3,,
SKYM,4,,
ZDX,3,,
MTCN,4,,
XENO,4,,
CTT,3,,
DEEP,4,,
LOT,3,,
BTCX,4,,
KBOT,4,,
XSC,3,,
VENA,4,,
VOLTZ,5,,
LN,2,,
TCH,3,,
PROB,4,,
STK,3,,
USDX,4,,
GOM,3,,
SIERRA,6,,
CBC,3,,
BFT,3,,
CIPX,4,,
TKX,3,,
VERS,4,,
QPY,3,,
NODE,4,,
VERA,4,,
NOVA,4,,
DSC,3,,
BXT,3,,
MLGC,4,,
SBT,3,,
BNKR,4,,
XBG,3,,
SEED,4,,
DMTC,4,,
MACH,4,,
TDPS,4,,
SGR,3,,
BULL,4,,
USDA,4,,
AXL,3,,
GLOB,4,,
THE,3,,
BCB,3,,
GUAP,4,,
HANA,4,,
1AI,3,,
KAM,3,,
FRED,4,,
AfroX,5,,
RES,3,,
EDI,3,,
KYF,3,,
XT,2,,
R2R,3,,
KTC,3,,
HUSL,4,,
LBK,3,,
CSAI,4,,
ASAC,4,,
SSN,3,,
EER,3,,
ULT,3,,
ODE,3,,
WLB,3,,
SAPP,4,,
CHG,3,,
BTCR,4,,
CICX,4,,
WOK,3,,
SWZL,4,,
ETF,3,,
FF1,3,,
XXA,3,,
BKRW,4,,
BET,3,,
NZDX,4,,
EURX,4,,
TOR,3,,
EZY,3,,
BCZ,3,,
XEN,3,,
MPS,3,,
BEE,3,,
CBC,3,,
TARM,4,,
ZCRT,4,,
VAIP,4,,
CETH,4,,
CBET,4,,
BLOOD,5,,
EYES,4,,
QTV,3,,
MNS,3,,
GRT,3,,
BTC++,5,,
HOMT,4,,
BTCHG,5,,
IOOX,4,,
ATUSD,5,,
AKNC,4,,
ALINK,5,,
ASNX,4,,
AMKR,4,,
ABAT,4,,
ABUSD,5,,
ADAI,4,,
SADA,4,,
BSY,3,,
MHLX,4,,
SAVE,4,,
KUB,3,,
TRCL,4,,
REL,3,,
AST,3,,
DRM,3,,
STONK,5,,
NOLE,4,,
SDEFI,5,,
SXAG,4,,
KVNT,4,,
STAMP,5,,
ORC,3,,
SGT,3,,
COL,3,,
3Cs,3,,
BONE,4,,
AICO,4,,
CBR,3,,
CUB,3,,
ZOOM,4,,
KARMA,5,,
RWS,3,,
DOS,3,,
UNC,3,,
DSD,3,,
MOV,3,,
PUSD,4,,
PWRB,4,,
VSN,3,,
L2P,3,,
KASH,4,,
MBC,3,,
CNYT,4,,
BWB,3,,
FEX,3,,
DGMT,4,,
TOPB,4,,
KVI,3,,
YDAI+YUSDC+YUSDT+YTUSD,22,,
888,3,,
MNR,3,,
DOGEBEAR,8,,
MATICBEAR,9,,
TOMOBEAR,8,,
DVX,3,,
ETO,3,,
KYSC,4,,
ECOIN,5,,
LPS,3,,
CHESS,5,,
BYTE,4,,
CHADLINK,8,,
ETH20SMACO,10,,
ETHMACOAPY,10,,
ZYX,3,,
ETHEMAAPY,9,,
ETHBTCRSI,9,,
LINKETHPA,9,,
ETHPA,5,,
ETHRSI6040,10,,
ETHRSIAPY,9,,
FLEXETHBTC,10,,
INTRATIO,8,,
LINKETHRSI,10,,
LINKPT,6,,
WRC,3,,
IETH,4,,
sLINK,5,,
SXAU,4,,
SXTZ,4,,
IBTC,4,,
SBNB,4,,
DION,4,,
MACPO,5,,
DICE,4,,
BTY,3,,
DVS,3,,
TMED,4,,
XAUTBULL,8,,
YFT,3,,
ZIK,3,,
WSC,3,,
AKM,3,,
EGC,3,,
PPC,3,,
TCH,3,,
TORM,4,,
SHENG,5,,
HL,2,,
DEC,3,,
PLAY,4,,
SCC,3,,
DDAM,4,,
IX,2,,
AVC,3,,
BTSC,4,,
sBTC,4,,
DTOP,4,,
DZAR,4,,
DEC,3,,
DRGB,4,,
ESWA,4,,
EM,2,,
FNK,3,,
IT,2,,
FXP,3,,
GPO,3,,
IQC,3,,
KAL,3,,
KVA,3,,
LVH,3,,
DICE,4,,
UENC,4,,
NAN,3,,
RNX,3,,
FRENS,5,,
ORBYT,5,,
OWL,3,,
$BASED,6,,
EQMT,4,,
TRUMPWIN,8,,
WING,4,,
SVB,3,,
CHERRY,6,,
ANG,3,,
XFUEL,5,,
TOB,3,,
SCHA,4,,
FTB,3,,
LOVE,4,,
ETHV,4,,
CAMO,4,,
DACC2,5,,
LOOP,4,,
MIKS,4,,
ORBI,4,,
NEWTON,6,,
OCP,3,,
YFIE,4,,
LIBFX,5,,
BLZN,4,,
WENB,4,,
VSN,3,,
PDF,3,,
QTBK,4,,
STEEL,5,,
CEDS,4,,
YEP,3,,
YFIS,4,,
FACT,4,,
GOT,3,,
CORN,4,,
BAST,4,,
SEMI,4,,
UCO,3,,
OPM,3,,
LIVE,4,,
SSS,3,,
YFA,3,,
JCC,3,,
FSP,3,,
TCP,3,,
FFYI,4,,
YFIKING,7,,
HBC,3,,
MAFI,4,,
MAKI,4,,
PRDX,4,,
YFI2,4,,
FHSE,4,,
ALA,3,,
NYB,3,,
LOCK,4,,
ON,2,,
VYBE,4,,
YFKA,4,,
TRBT,4,,
ETHPY,5,,
ATIS,4,,
BXIOT,5,,
YFARMER,7,,
FAME,4,,
HBC,3,,
VNS,3,,
MYFI,4,,
EXP,3,,
RSP,3,,
HATCH,5,,
XSP,3,,
PoSH,4,,
MKCY,4,,
LNOT,4,,
RI,2,,
IYF,3,,
ISDT,4,,
ITEN,4,,
DCD,3,,
GET,3,,
ICH,3,,
UTY,3,,
YFIX,4,,
ACU,3,,
TRIB,4,,
DFF,3,,
SWSH,4,,
SPKL,4,,
BUCC,4,,
C2O,3,,
CXN,3,,
TMC,3,,
AHF,3,,
YNK,3,,
PJM,3,,
YFMB,4,,
YF4,3,,
RAUX,4,,
ZAC,3,,
CYTR,4,,
BLV,3,,
YEA,3,,
DARK,4,,
DFIP,4,,
HAUT,4,,
CPX,3,,
JVZ,3,,
THIRM,5,,
YFED,4,,
BFI,3,,
POP,3,,
MOVE,4,,
CRAFT,5,,
xMOON,5,,
TAVITT,6,,
GMNG,4,,
LOAD,4,,
SSL,3,,
CRP,3,,
BTCDOM,6,,
RUC,3,,
BFC,3,,
DXIOT,5,,
LCG,3,,
PUSD,4,,
ETGF,4,,
PAYOU,5,,
PLA,3,,
MCN,3,,
DFGL,4,,
FWB,3,,
XAT,3,,
yBAN,4,,
DOGDEFI,7,,
NAZ,3,,
YFICG,5,,
BSWAP,5,,
YFRM,4,,
LMS,3,,
PXUSD_MAR2021,13,,
CLBR,4,,
HD,2,,
BLOODY,6,,
YYFI,4,,
HIZ,3,,
GBCR,4,,
xDOT,4,,
YEET,4,,
stFIRO,6,,
SMPL,4,,
BLURT,5,,
LEX,3,,
TSLA,4,,
ZHEGIC,6,,
ZLOT,4,,
BRI,3,,
FLA,3,,
ZLP,3,,
YFB2,4,,
TEAT,4,,
7UP,3,,
PICA,4,,
YFIII,5,,
ETLT,4,,
LOV,3,,
APL,3,,
XFII,4,,
GGT,3,,
SVN,3,,
BST1,4,,
VOLTS,5,,
KNV,3,,
FCR,3,,
TCR,3,,
KUN,3,,
QUSD,4,,
BMP,3,,
LCT,3,,
TOM,3,,
UNOS,4,,
BSC,3,,
KP2R,4,,
HANDY,5,,
LK3R,4,,
KOMET,5,,
7ADD,4,,
LELE,4,,
YLFI,4,,
OSB,3,,
ALLWIN,6,,
BPT,3,,
BVL,3,,
PIS,3,,
MTTCOIN,7,,
PSK,3,,
PUNT,4,,
YFIAG,5,,
PFE,3,,
BILI,4,,
WAV3,4,,
ELYX,4,,
SUGAR,5,,
CNT,3,,
IFEX,4,,
ARVO,4,,
Z502,4,,
MCH,3,,
vXRP,4,,
ACX,3,,
VLO,3,,
YPLT,4,,
HNY,3,,
BNFI,4,,
NFUP,4,,
$PIR,4,,
WSF,3,,
BSD,3,,
DPC,3,,
OFT,3,,
3XT,3,,
CBANK,5,,
DMX,3,,
DRC,3,,
HYPE,4,,
ZMT,3,,
BCC,3,,
BCS,3,,
SPAD,4,,
ZAI,3,,
DCL,3,,
vFIL,4,,
CHS,3,,
VAULTZ,6,,
TRONX,5,,
FCX,3,,
DAIQ,4,,
WXMR,4,,
BSDS,4,,
DSTR,4,,
DST,3,,
YOT,3,,
PUSD,4,,
PEGS,4,,
YSKF,4,,
CPU,3,,
ZZZV2,5,,
QFI,3,,
BBP,3,,
XUSD,4,,
CURE,4,,
NAVI,4,,
YBO,3,,
BB,2,,
USDEX,5,,
U8D,3,,
GLAD,4,,
VBETH,5,,
ELE,3,,
PTA,3,,
REDI,4,,
TTN,3,,
sYFL,4,,
OT,2,,
DEFLA,5,,
PNG,3,,
MCT,3,,
TME,3,,
BDAY,4,,
SCV,3,,
MYTHIC,6,,
NYAN,4,,
SIMBA,5,,
MBTC,4,,
PUNK,4,,
LPNT,4,,
MCBASE,6,,
DOGY,4,,
OUR,3,,
TOZ,3,,
QTF,3,,
WTR,3,,
wSZO,4,,
TCO,3,,
CAD,3,,
aENJ,4,,
VKNF,4,,
WEATHER,7,,
KIWI,4,,
WAR,3,,
CADC,4,,
BNKY,4,,
UTL,3,,
ADAO,4,,
NFTL,4,,
HEROES,6,,
CELEB,5,,
DOG,3,,
NFTP,4,,
NTRC,4,,
ARRO,4,,
APE,3,,
MANGO,5,,
MVT,3,,
VBSWAP,6,,
FEB,3,,
BUNNY,5,,
ALL,3,,
STV,3,,
IBFK,4,,
NOV,3,,
KLON,4,,
PET,3,,
MAUSDC,6,,
MAUSDT,6,,
MAAAVE,6,,
MAYFI,5,,
MALINK,6,,
WMATIC,6,,
PAYB,4,,
MYFI,4,,
MARKO,5,,
wxDai,5,,
SATS,4,,
BITS,4,,
DELTA-RLP,9,,
ALIA,4,,
OCTI,4,,
ORK,3,,
WOLF,4,,
MGB,3,,
PFL,3,,
SYL,3,,
TORJ,4,,
UBA,3,,
BTCBAM,6,,
NFTART,6,,
SHPP,4,,
BIXB,4,,
EC2,3,,
ZTB,3,,
BABY,4,,
CBSN,4,,
vDOGE,5,,
vADA,4,,
VCK,3,,
AGVE,4,,
KRILL,5,,
WAVAX,5,,
EDGT,4,,
