AA,0
AACG,0
AACQ,0
AACQU,0
AACQW,0
AAL,0
AAME,0
AAOI,0
AAON,0
AAPL,0
AAWW,0
ABCB,0
ABCL,0
ABCM,0
ABEO,0
ABGI,0
ABIO,0
ABMD,0
ABNB,0
ABST,0
ABTX,0
ABUS,0
ACAC,0
ACACU,0
ACACW,0
ACAD,0
ACAHU,0
ACBAU,0
ACBI,0
ACCD,0
ACER,0
ACET,0
ACEV,0
ACEVU,0
ACEVW,0
ACGL,0
ACGLO,0
ACGLP,0
ACHC,0
ACHL,0
ACHV,0
ACIU,0
ACIW,0
ACKIT,0
ACKIU,0
ACKIW,0
ACLS,0
ACMR,0
ACNB,0
ACOR,0
ACQRU,0
ACRS,0
ACRX,0
ACST,0
ACTC,0
ACTCU,0
ACTCW,0
ACTDU,0
ACTG,0
ACVA,0
ADAG,0
ADAP,0
ADBE,0
ADER,0
ADERU,0
ADERW,0
ADES,0
ADI,0
ADIL,0
ADILW,0
ADMA,0
ADMP,0
ADMS,0
ADN,0
ADNWW,0
ADOC,0
ADOCR,0
ADOCW,0
ADP,0
ADPT,0
ADSK,0
ADTN,0
ADTX,0
ADUS,0
ADV,0
ADVM,0
ADVWW,0
ADXN,0
ADXS,0
AEAC,0
AEACU,0
AEACW,0
AEGN,0
AEHL,0
AEHR,0
AEI,0
AEIS,0
AEMD,0
AEP,0
AEPPL,0
AEPPZ,0
AERI,0
AESE,0
AEY,0
AEYE,0
AEZS,0
AFAQU,0
AFBI,0
AFCG,0
AFIB,0
AFIN,0
AFINO,0
AFINP,0
AFMD,0
AFRM,0
AFYA,0
AGBA,0
AGBAR,0
AGBAW,0
AGC,0
AGCUU,0
AGCWW,0
AGEN,0
AGFS,0
AGFY,0
AGGRU,0
AGIO,0
AGLE,0
AGMH,0
AGNC,0
AGNCM,0
AGNCN,0
AGNCO,0
AGNCP,0
AGRX,0
AGTC,0
AGYS,0
AHAC,0
AHACU,0
AHACW,0
AHCO,0
AHPI,0
AIH,0
AIHS,0
AIKI,0
AIMC,0
AINV,0
AIRG,0
AIRT,0
AIRTP,0
AIRTW,0
AKAM,0
AKBA,0
AKIC,0
AKICU,0
AKICW,0
AKRO,0
AKTS,0
AKTX,0
AKU,0
AKUS,0
AKYA,0
ALAC,0
ALACR,0
ALACW,0
ALBO,0
ALCO,0
ALDX,0
ALEC,0
ALGM,0
ALGN,0
ALGS,0
ALGT,0
ALHC,0
ALIM,0
ALJJ,0
ALKS,0
ALKT,0
ALLK,0
ALLO,0
ALLT,0
ALNA,0
ALNY,0
ALOT,0
ALPN,0
ALRM,0
ALRN,0
ALRS,0
ALSK,0
ALT,0
ALTA,0
ALTM,0
ALTO,0
ALTR,0
ALTU,0
ALTUU,0
ALTUW,0
ALVR,0
ALXN,0
ALXO,0
ALYA,0
AMAL,0
AMAOU,0
AMAT,0
AMBA,0
AMCX,0
AMD,0
AMED,0
AMEH,0
AMGN,0
AMHC,0
AMHCW,0
AMKR,0
AMNB,0
AMOT,0
AMPG,0
AMPGW,0
AMPH,0
AMRB,0
AMRK,0
AMRN,0
AMRS,0
AMSC,0
AMSF,0
AMST,0
AMSWA,0
AMTB,0
AMTBB,0
AMTI,0
AMTX,0
AMWD,0
AMYT,0
AMZN,0
ANAB,0
ANAT,0
ANDA,0
ANDAR,0
ANDAW,0
ANDE,0
ANGI,0
ANGN,0
ANGO,0
ANIK,0
ANIP,0
ANIX,0
ANNX,0
ANPC,0
ANSS,0
ANTE,0
ANY,0
ANZUU,0
ANZUW,0
AOSL,0
AOUT,0
APA,0
APDN,0
APEI,0
APEN,0
APHA,0
API,0
APLS,0
APLT,0
APM,0
APOG,0
APOP,0
APOPW,0
APP,0
APPF,0
APPH,0
APPHW,0
APPN,0
APPS,0
APR,0
APRE,0
APTO,0
APTX,0
APVO,0
APWC,0
APXT,0
APXTU,0
APXTW,0
APYX,0
AQB,0
AQMS,0
AQST,0
ARAV,0
ARAY,0
ARBG,0
ARBGU,0
ARBGW,0
ARCB,0
ARCC,0
ARCE,0
ARCT,0
ARDS,0
ARDX,0
AREC,0
ARGX,0
ARKO,0
ARKOW,0
ARKR,0
ARLP,0
ARNA,0
AROW,0
ARPO,0
ARQT,0
ARRWU,0
ARRWW,0
ARRY,0
ARTL,0
ARTLW,0
ARTNA,0
ARTW,0
ARVL,0
ARVLW,0
ARVN,0
ARWR,0
ARYA,0
ARYD,0
ASAX,0
ASAXU,0
ASAXW,0
ASLE,0
ASLEW,0
ASLN,0
ASMB,0
ASML,0
ASND,0
ASO,0
ASPC,0
ASPCU,0
ASPCW,0
ASPS,0
ASPU,0
ASRT,0
ASRV,0
ASRVP,0
ASTC,0
ASTE,0
ASTS,0
ASTSW,0
ASUR,0
ASYS,0
ATAX,0
ATCX,0
ATEC,0
ATEX,0
ATHA,0
ATHE,0
ATHX,0
ATIF,0
ATLC,0
ATLO,0
ATNF,0
ATNFW,0
ATNI,0
ATNX,0
ATOM,0
ATOS,0
ATRA,0
ATRC,0
ATRI,0
ATRO,0
ATRS,0
ATSG,0
ATSPT,0
ATSPU,0
ATVCU,0
ATVI,0
ATXI,0
AUB,0
AUBAP,0
AUBN,0
AUDC,0
AUPH,0
AURCU,0
AUTL,0
AUTO,0
AUUD,0
AUUDW,0
AUVI,0
AVAV,0
AVCO,0
AVCT,0
AVCTW,0
AVDL,0
AVEO,0
AVGO,0
AVGOP,0
AVGR,0
AVID,0
AVIR,0
AVNW,0
AVO,0
AVRO,0
AVT,0
AVXL,0
AWH,0
AWRE,0
AXAS,0
AXDX,0
AXGN,0
AXLA,0
AXNX,0
AXON,0
AXSM,0
AXTI,0
AY,0
AYLA,0
AYRO,0
AYTU,0
AZN,0
AZPN,0
AZRX,0
AZYO,0
BAND,0
BANF,0
BANFP,0
BANR,0
BANX,0
BAOS,0
BATRA,0
BATRK,0
BBBY,0
BBCP,0
BBGI,0
BBI,0
BBIG,0
BBIO,0
BBQ,0
BBSI,0
BCAB,0
BCAC,0
BCACU,0
BCACW,0
BCBP,0
BCDA,0
BCDAW,0
BCEL,0
BCLI,0
BCML,0
BCOR,0
BCOV,0
BCOW,0
BCPC,0
BCRX,0
BCTG,0
BCTX,0
BCTXW,0
BCYC,0
BCYP,0
BCYPU,0
BCYPW,0
BDSI,0
BDSX,0
BDTX,0
BEAM,0
BECN,0
BEEM,0
BEEMW,0
BELFA,0
BELFB,0
BENE,0
BENER,0
BENEU,0
BENEW,0
BFC,0
BFI,0
BFIIW,0
BFIN,0
BFRA,0
BFST,0
BGCP,0
BGFV,0
BGNE,0
BHAT,0
BHF,0
BHFAL,0
BHFAN,0
BHFAO,0
BHFAP,0
BHSE,0
BHSEU,0
BHSEW,0
BHTG,0
BIDU,0
BIGC,0
BIIB,0
BILI,0
BIMI,0
BIOC,0
BIOL,0
BIOT,0
BIOTU,0
BIOTW,0
BIVI,0
BJRI,0
BKCC,0
BKEP,0
BKEPP,0
BKNG,0
BKSC,0
BKYI,0
BL,0
BLBD,0
BLCM,0
BLCT,0
BLDP,0
BLDR,0
BLFS,0
BLI,0
BLIN,0
BLKB,0
BLMN,0
BLNK,0
BLNKW,0
BLPH,0
BLRX,0
BLSA,0
BLTS,0
BLTSU,0
BLTSW,0
BLU,0
BLUE,0
BLUW,0
BLUWU,0
BLUWW,0
BMBL,0
BMEA,0
BMRA,0
BMRC,0
BMRN,0
BMTC,0
BNFT,0
BNGO,0
BNGOW,0
BNR,0
BNSO,0
BNTC,0
BNTX,0
BOCH,0
BOKF,0
BOKFL,0
BOLT,0
BOMN,0
BOOM,0
BOSC,0
BOTJ,0
BOWX,0
BOWXU,0
BOWXW,0
BOXL,0
BPFH,0
BPMC,0
BPOP,0
BPOPM,0
BPOPN,0
BPRN,0
BPTH,0
BPTS,0
BPY,0
BPYPN,0
BPYPO,0
BPYPP,0
BPYU,0
BPYUP,0
BREZ,0
BREZR,0
BREZW,0
BRID,0
BRKL,0
BRKR,0
BRKS,0
BRLI,0
BRLIR,0
BRLIU,0
BRLIW,0
BROG,0
BROGW,0
BRP,0
BRPA,0
BRPAR,0
BRPAU,0
BRPAW,0
BRPM,0
BRPMU,0
BRPMW,0
BRQS,0
BRY,0
BSBK,0
BSET,0
BSGM,0
BSPE,0
BSQR,0
BSRR,0
BSVN,0
BSY,0
BTAI,0
BTAQ,0
BTAQU,0
BTAQW,0
BTBT,0
BTNB,0
BTRS,0
BTRSW,0
BTWN,0
BTWNU,0
BTWNW,0
BUSE,0
BVS,0
BVXV,0
BWAC,0
BWACU,0
BWACW,0
BWAY,0
BWB,0
BWEN,0
BWFG,0
BWMX,0
BXRX,0
BYFC,0
BYND,0
BYSI,0
BYTSU,0
BZUN,0
CAAS,0
CABA,0
CAC,0
CACC,0
CAHC,0
CAHCU,0
CAHCW,0
CAKE,0
CALA,0
CALB,0
CALM,0
CALT,0
CAMP,0
CAMT,0
CAN,0
CAPA,0
CAPAU,0
CAPAW,0
CAPR,0
CAR,0
CARA,0
CARE,0
CARG,0
CARV,0
CASA,0
CASH,0
CASI,0
CASS,0
CASY,0
CATB,0
CATC,0
CATM,0
CATY,0
CBAN,0
CBAT,0
CBAY,0
CBFV,0
CBIO,0
CBLI,0
CBMB,0
CBNK,0
CBRL,0
CBSH,0
CBTX,0
CCAP,0
CCB,0
CCBG,0
CCCC,0
CCD,0
CCLP,0
CCMP,0
CCNC,0
CCNE,0
CCNEP,0
CCOI,0
CCRC,0
CCRN,0
CCXI,0
CD,0
CDAK,0
CDEV,0
CDK,0
CDLX,0
CDMO,0
CDNA,0
CDNS,0
CDTX,0
CDW,0
CDXC,0
CDXS,0
CDZI,0
CECE,0
CELC,0
CELH,0
CEMI,0
CENH,0
CENHU,0
CENHW,0
CENT,0
CENTA,0
CENX,0
CERC,0
CERE,0
CEREW,0
CERN,0
CERS,0
CERT,0
CETX,0
CETXP,0
CETXW,0
CEVA,0
CFAC,0
CFACU,0
CFACW,0
CFB,0
CFBK,0
CFFEU,0
CFFI,0
CFFN,0
CFFVU,0
CFFVW,0
CFIV,0
CFIVU,0
CFIVW,0
CFMS,0
CFRX,0
CFV,0
CFVI,0
CFVIU,0
CFVIW,0
CG,0
CGBD,0
CGC,0
CGEM,0
CGEN,0
CGNT,0
CGNX,0
CGO,0
CGRN,0
CHCI,0
CHCO,0
CHDN,0
CHEF,0
CHEK,0
CHEKZ,0
CHFS,0
CHI,0
CHK,0
CHKEL,0
CHKEW,0
CHKEZ,0
CHKP,0
CHMA,0
CHMG,0
CHNG,0
CHNGU,0
CHNR,0
CHPM,0
CHPMU,0
CHPMW,0
CHRS,0
CHRW,0
CHSCL,0
CHSCM,0
CHSCN,0
CHSCO,0
CHSCP,0
CHTR,0
CHUY,0
CHW,0
CHX,0
CHY,0
CIDM,0
CIGI,0
CIH,0
CINF,0
CIVB,0
CIZN,0
CJJD,0
CKPT,0
CLAR,0
CLBK,0
CLBS,0
CLDB,0
CLDX,0
CLEU,0
CLFD,0
CLGN,0
CLIR,0
CLLS,0
CLMT,0
CLNE,0
CLNN,0
CLNNW,0
CLOV,0
CLOVW,0
CLPS,0
CLPT,0
CLRB,0
CLRM,0
CLRMU,0
CLRMW,0
CLRO,0
CLSD,0
CLSK,0
CLSN,0
CLVR,0
CLVRW,0
CLVS,0
CLWT,0
CLXT,0
CMBM,0
CMCO,0
CMCSA,0
CMCT,0
CME,0
CMFNL,0
CMII,0
CMIIU,0
CMIIW,0
CMLF,0
CMLFU,0
CMLFW,0
CMLS,0
CMLTU,0
CMMB,0
CMPI,0
CMPR,0
CMPS,0
CMRX,0
CMTL,0
CNBKA,0
CNCE,0
CNDT,0
CNET,0
CNEY,0
CNFR,0
CNFRL,0
CNNB,0
CNOB,0
CNSL,0
CNSP,0
CNST,0
CNTB,0
CNTG,0
CNTY,0
CNXC,0
CNXN,0
COCP,0
CODA,0
CODX,0
COFS,0
COGT,0
COHR,0
COHU,0
COIN,0
COKE,0
COLB,0
COLI,0
COLIU,0
COLIW,0
COLL,0
COLM,0
COMM,0
COMS,0
COMSW,0
CONE,0
CONN,0
CONX,0
CONXU,0
CONXW,0
COOL,0
COOLU,0
COOLW,0
COOP,0
CORE,0
CORT,0
COST,0
COUP,0
COVA,0
COVAU,0
COVAW,0
COWN,0
COWNL,0
CPHC,0
CPIX,0
CPLP,0
CPRT,0
CPRX,0
CPSH,0
CPSI,0
CPSS,0
CPTA,0
CPTAG,0
CPTAL,0
CPZ,0
CRAI,0
CRBP,0
CRCT,0
CRDF,0
CREE,0
CREG,0
CRESY,0
CREX,0
CREXW,0
CRIS,0
CRKN,0
CRMD,0
CRMT,0
CRNC,0
CRNT,0
CRNX,0
CRON,0
CROX,0
CRSA,0
CRSAW,0
CRSP,0
CRSR,0
CRTD,0
CRTDW,0
CRTO,0
CRTX,0
CRUS,0
CRVL,0
CRVS,0
CRWD,0
CRWS,0
CRZNU,0
CSBR,0
CSCO,0
CSCW,0
CSGP,0
CSGS,0
CSII,0
CSIQ,0
CSOD,0
CSPI,0
CSQ,0
CSSE,0
CSSEN,0
CSSEP,0
CSTE,0
CSTL,0
CSTR,0
CSWC,0
CSWI,0
CSX,0
CTAQ,0
CTAQU,0
CTAQW,0
CTAS,0
CTBI,0
CTG,0
CTHR,0
CTIB,0
CTIC,0
CTLP,0
CTMX,0
CTRE,0
CTRM,0
CTRN,0
CTSH,0
CTSO,0
CTXR,0
CTXRW,0
CTXS,0
CUBA,0
CUE,0
CUEN,0
CUENW,0
CURI,0
CURIW,0
CUTR,0
CVAC,0
CVBF,0
CVCO,0
CVCY,0
CVET,0
CVGI,0
CVGW,0
CVLG,0
CVLT,0
CVLY,0
CVV,0
CWBC,0
CWBR,0
CWCO,0
CWST,0
CXDC,0
CXDO,0
CYAD,0
CYAN,0
CYBE,0
CYBR,0
CYCC,0
CYCCP,0
CYCN,0
CYRN,0
CYRX,0
CYTH,0
CYTHW,0
CYTK,0
CZNC,0
CZR,0
CZWI,0
DADA,0
DAIO,0
DAKT,0
DARE,0
DBDR,0
DBDRU,0
DBDRW,0
DBTX,0
DBVT,0
DBX,0
DCBO,0
DCOM,0
DCOMP,0
DCPH,0
DCRB,0
DCRBU,0
DCRBW,0
DCRCU,0
DCRN,0
DCRNU,0
DCRNW,0
DCT,0
DCTH,0
DDMX,0
DDMXU,0
DDMXW,0
DDOG,0
DENN,0
DFFN,0
DFH,0
DFHT,0
DFHTU,0
DFHTW,0
DFPH,0
DFPHU,0
DFPHW,0
DGICA,0
DGICB,0
DGII,0
DGLY,0
DGNS,0
DGNU,0
DHBC,0
DHBCU,0
DHBCW,0
DHC,0
DHCAU,0
DHCAW,0
DHCNI,0
DHCNL,0
DHHC,0
DHHCU,0
DHHCW,0
DHIL,0
DIOD,0
DISAU,0
DISCA,0
DISCB,0
DISCK,0
DISH,0
DJCO,0
DKNG,0
DLCA,0
DLCAU,0
DLCAW,0
DLHC,0
DLPN,0
DLTH,0
DLTR,0
DMAC,0
DMLP,0
DMRC,0
DMTK,0
DNLI,0
DOCU,0
DOGZ,0
DOMO,0
DOOO,0
DORM,0
DOX,0
DOYU,0
DRIO,0
DRNA,0
DRRX,0
DRTT,0
DRVN,0
DSAC,0
DSACU,0
DSACW,0
DSEY,0
DSGN,0
DSGX,0
DSKE,0
DSKEW,0
DSP,0
DSPG,0
DSWL,0
DTEA,0
DTIL,0
DTOCU,0
DTSS,0
DUNE,0
DUNEU,0
DUNEW,0
DUO,0
DUOT,0
DVAX,0
DWSN,0
DXCM,0
DXPE,0
DXYN,0
DYAI,0
DYN,0
DYNT,0
DZSI,0
EA,0
EAC,0
EACPU,0
EACPW,0
EAR,0
EARS,0
EAST,0
EBACU,0
EBAY,0
EBC,0
EBET,0
EBIX,0
EBMT,0
EBON,0
EBSB,0
EBTC,0
ECHO,0
ECOL,0
ECOLW,0
ECOR,0
ECPG,0
EDAP,0
EDIT,0
EDRY,0
EDSA,0
EDTK,0
EDTX,0
EDTXU,0
EDTXW,0
EDUC,0
EEFT,0
EEIQ,0
EFOI,0
EFSC,0
EGAN,0
EGBN,0
EGLE,0
EGLX,0
EGRX,0
EH,0
EHTH,0
EIGR,0
EJFA,0
EJFAU,0
EJFAW,0
EKSO,0
ELDN,0
ELOX,0
ELSE,0
ELTK,0
ELYS,0
EM,0
EMCF,0
EMKR,0
EML,0
ENDP,0
ENFA,0
ENFAU,0
ENFAW,0
ENG,0
ENLV,0
ENNV,0
ENNVU,0
ENNVW,0
ENOB,0
ENPH,0
ENSG,0
ENTA,0
ENTG,0
ENTX,0
ENTXW,0
ENVB,0
ENVI,0
ENVIU,0
ENVIW,0
EOLS,0
EOSE,0
EOSEW,0
EPAY,0
EPHY,0
EPHYU,0
EPHYW,0
EPIX,0
EPSN,0
EPZM,0
EQ,0
EQBK,0
EQIX,0
EQOS,0
ERES,0
ERESU,0
ERESW,0
ERIC,0
ERIE,0
ERII,0
ERYP,0
ESBK,0
ESCA,0
ESEA,0
ESGR,0
ESGRO,0
ESGRP,0
ESLT,0
ESPR,0
ESQ,0
ESSA,0
ESSC,0
ESSCR,0
ESSCW,0
ESTA,0
ESXB,0
ETAC,0
ETACU,0
ETACW,0
ETNB,0
ETON,0
ETSY,0
ETTX,0
EUCR,0
EUCRU,0
EUCRW,0
EUSG,0
EUSGU,0
EUSGW,0
EVAX,0
EVBG,0
EVER,0
EVFM,0
EVGN,0
EVK,0
EVLO,0
EVOJ,0
EVOJU,0
EVOJW,0
EVOK,0
EVOL,0
EVOP,0
EWBC,0
EWTX,0
EXAS,0
EXC,0
EXEL,0
EXFO,0
EXLS,0
EXPC,0
EXPCU,0
EXPCW,0
EXPD,0
EXPE,0
EXPI,0
EXPO,0
EXTR,0
EYE,0
EYEG,0
EYEN,0
EYES,0
EYESW,0
EYPT,0
EZGO,0
EZPW,0
FAMI,0
FANG,0
FANH,0
FARM,0
FARO,0
FAST,0
FAT,0
FATBP,0
FATBW,0
FATE,0
FB,0
FBIO,0
FBIOP,0
FBIZ,0
FBMS,0
FBNC,0
FBRX,0
FCAC,0
FCACU,0
FCACW,0
FCAP,0
FCBC,0
FCBP,0
FCCO,0
FCCY,0
FCEL,0
FCFS,0
FCNCA,0
FCNCP,0
FCRD,0
FDBC,0
FDMT,0
FDUS,0
FDUSG,0
FDUSZ,0
FEIM,0
FELE,0
FENC,0
FEYE,0
FFBC,0
FFBW,0
FFHL,0
FFIC,0
FFIN,0
FFIV,0
FFNW,0
FFWM,0
FGBI,0
FGEN,0
FGF,0
FGFPP,0
FHB,0
FHTX,0
FIBK,0
FIII,0
FIIIU,0
FIIIW,0
FINM,0
FINMU,0
FINMW,0
FISI,0
FISV,0
FITB,0
FITBI,0
FITBO,0
FITBP,0
FIVE,0
FIVN,0
FIXX,0
FIZZ,0
FKWL,0
FLAC,0
FLACU,0
FLACW,0
FLDM,0
FLEX,0
FLGT,0
FLIC,0
FLIR,0
FLL,0
FLMN,0
FLMNW,0
FLNT,0
FLUX,0
FLWS,0
FLXN,0
FLXS,0
FMAO,0
FMBH,0
FMBI,0
FMBIO,0
FMBIP,0
FMIVU,0
FMNB,0
FMTX,0
FNCB,0
FNCH,0
FNHC,0
FNKO,0
FNLC,0
FNWB,0
FOCS,0
FOLD,0
FONR,0
FORA,0
FORD,0
FORE,0
FOREU,0
FOREW,0
FORM,0
FORR,0
FORTY,0
FOSL,0
FOX,0
FOXA,0
FOXF,0
FOXW,0
FOXWU,0
FOXWW,0
FPAY,0
FRAF,0
FRBA,0
FRBK,0
FREE,0
FREEW,0
FREQ,0
FRG,0
FRGAP,0
FRGI,0
FRHC,0
FRLN,0
FRME,0
FROG,0
FRONU,0
FRPH,0
FRPT,0
FRSGU,0
FRST,0
FRSX,0
FRTA,0
FRWAU,0
FSBW,0
FSEA,0
FSFG,0
FSII,0
FSLR,0
FSRV,0
FSRVU,0
FSRVW,0
FSRX,0
FSRXU,0
FSRXW,0
FSSI,0
FSSIU,0
FSSIW,0
FSTR,0
FSTX,0
FSV,0
FTAAU,0
FTAAW,0
FTCV,0
FTCVU,0
FTCVW,0
FTDR,0
FTEK,0
FTFT,0
FTHM,0
FTIV,0
FTIVU,0
FTIVW,0
FTNT,0
FTOC,0
FTOCU,0
FTOCW,0
FTPAU,0
FULC,0
FULT,0
FULTP,0
FUNC,0
FUND,0
FUSB,0
FUSN,0
FUTU,0
FUV,0
FVAM,0
FVCB,0
FVE,0
FWAA,0
FWONA,0
FWONK,0
FWP,0
FWRD,0
FXNC,0
GABC,0
GAIA,0
GAIN,0
GAINL,0
GAINN,0
GALT,0
GAMCU,0
GAN,0
GANX,0
GASS,0
GBCI,0
GBDC,0
GBIO,0
GBLI,0
GBLIL,0
GBNH,0
GBNY,0
GBOX,0
GBRG,0
GBRGR,0
GBRGU,0
GBRGW,0
GBS,0
GBT,0
GCAC,0
GCACU,0
GCACW,0
GCBC,0
GCMG,0
GCMGW,0
GDEN,0
GDRX,0
GDS,0
GDYN,0
GDYNW,0
GECC,0
GECCL,0
GECCM,0
GECCN,0
GEG,0
GENC,0
GENE,0
GEOS,0
GERN,0
GEVO,0
GFED,0
GFN,0
GFNCP,0
GFNSZ,0
GGAL,0
GGMCU,0
GGPIU,0
GH,0
GHAC,0
GHACU,0
GHACW,0
GHSI,0
GHVI,0
GHVIU,0
GHVIW,0
GIFI,0
GIG,0
GIGGU,0
GIGGW,0
GIGM,0
GIII,0
GIIXU,0
GIIXW,0
GILD,0
GILT,0
GLAD,0
GLADL,0
GLAQ,0
GLAQU,0
GLAQW,0
GLBLU,0
GLBS,0
GLBZ,0
GLDD,0
GLG,0
GLHAU,0
GLMD,0
GLNG,0
GLPG,0
GLPI,0
GLRE,0
GLSI,0
GLSPU,0
GLTO,0
GLUU,0
GLYC,0
GMAB,0
GMBL,0
GMBLW,0
GMBT,0
GMBTU,0
GMBTW,0
GMDA,0
GMII,0
GMIIU,0
GMIIW,0
GMLPP,0
GMTX,0
GNAC,0
GNACU,0
GNACW,0
GNCA,0
GNFT,0
GNLN,0
GNOG,0
GNPX,0
GNRS,0
GNRSU,0
GNRSW,0
GNSS,0
GNTX,0
GNTY,0
GNUS,0
GO,0
GOCO,0
GOEV,0
GOEVW,0
GOGL,0
GOGO,0
GOOD,0
GOODM,0
GOODN,0
GOOG,0
GOOGL,0
GOSS,0
GOVX,0
GOVXW,0
GP,0
GPAC,0
GPACU,0
GPACW,0
GPP,0
GPRE,0
GPRO,0
GRAY,0
GRBK,0
GRCL,0
GRCY,0
GRCYU,0
GRCYW,0
GRFS,0
GRIL,0
GRIN,0
GRMN,0
GRNQ,0
GRNV,0
GRNVR,0
GRNVU,0
GRNVW,0
GROW,0
GRPN,0
GRSV,0
GRSVU,0
GRSVW,0
GRTS,0
GRTX,0
GRVY,0
GRWG,0
GSAQ,0
GSAQU,0
GSAQW,0
GSBC,0
GSEV,0
GSEVU,0
GSEVW,0
GSHD,0
GSIT,0
GSKY,0
GSM,0
GSMG,0
GSMGW,0
GT,0
GTBP,0
GTEC,0
GTH,0
GTHX,0
GTIM,0
GTPAU,0
GTPBU,0
GTYH,0
GURE,0
GVP,0
GWAC,0
GWACW,0
GWGH,0
GWPH,0
GWRS,0
GXGX,0
GXGXU,0
GXGXW,0
GXIIU,0
GYRO,0
HA,0
HAAC,0
HAACU,0
HAACW,0
HAFC,0
HAIN,0
HALL,0
HALO,0
HAPP,0
HARP,0
HAS,0
HAYN,0
HBAN,0
HBANN,0
HBANO,0
HBANP,0
HBCP,0
HBIO,0
HBMD,0
HBNC,0
HBP,0
HBT,0
HCAP,0
HCAPZ,0
HCAQ,0
HCAR,0
HCARU,0
HCARW,0
HCAT,0
HCCC,0
HCCCU,0
HCCCW,0
HCCI,0
HCDI,0
HCIC,0
HCICU,0
HCICW,0
HCII,0
HCIIU,0
HCIIW,0
HCKT,0
HCM,0
HCSG,0
HDSN,0
HEAR,0
HEC,0
HECCU,0
HECCW,0
HEES,0
HELE,0
HEPA,0
HERAU,0
HFBL,0
HFFG,0
HFWA,0
HGBL,0
HGEN,0
HGSH,0
HHR,0
HIBB,0
HIFS,0
HIHO,0
HIII,0
HIIIU,0
HIIIW,0
HIMX,0
HJLI,0
HJLIW,0
HLAH,0
HLAHU,0
HLAHW,0
HLG,0
HLIO,0
HLIT,0
HLNE,0
HLXA,0
HMCO,0
HMCOU,0
HMCOW,0
HMHC,0
HMNF,0
HMPT,0
HMST,0
HMTV,0
HNNA,0
HNRG,0
HOFT,0
HOFV,0
HOFVW,0
HOL,0
HOLI,0
HOLUU,0
HOLUW,0
HOLX,0
HOMB,0
HONE,0
HOOK,0
HOPE,0
HOTH,0
HOVNP,0
HPK,0
HPKEW,0
HQI,0
HQY,0
HRMY,0
HROW,0
HRTX,0
HRZN,0
HSAQ,0
HSDT,0
HSIC,0
HSII,0
HSKA,0
HSON,0
HST,0
HSTM,0
HSTO,0
HTBI,0
HTBK,0
HTBX,0
HTGM,0
HTHT,0
HTIA,0
HTLD,0
HTLF,0
HTLFP,0
HTOO,0
HTOOW,0
HUBG,0
HUDI,0
HUGE,0
HUIZ,0
HURC,0
HURN,0
HUSN,0
HVBC,0
HWBK,0
HWC,0
HWCC,0
HWCPL,0
HWCPZ,0
HWKN,0
HX,0
HYAC,0
HYACU,0
HYFM,0
HYMC,0
HYMCL,0
HYMCW,0
HYMCZ,0
HYRE,0
HYW,0
HZNP,0
IAC,0
IART,0
IBCP,0
IBEX,0
IBKR,0
IBOC,0
IBRX,0
IBTX,0
ICAD,0
ICBK,0
ICCC,0
ICCH,0
ICFI,0
ICHR,0
ICLK,0
ICLR,0
ICMB,0
ICON,0
ICPT,0
ICUI,0
IDBA,0
IDCC,0
IDEX,0
IDN,0
IDRA,0
IDXX,0
IDYA,0
IEA,0
IEAWW,0
IEC,0
IEP,0
IESC,0
IFBD,0
IFMK,0
IFRX,0
IGAC,0
IGACU,0
IGACW,0
IGIC,0
IGICW,0
IGMS,0
IGNY,0
IGNYU,0
IGNYW,0
IHRT,0
III,0
IIII,0
IIIIU,0
IIIIW,0
IIIV,0
IIN,0
IIVI,0
IIVIP,0
IKNA,0
IKNX,0
IKT,0
ILMN,0
ILPT,0
IMAB,0
IMAC,0
IMACW,0
IMBI,0
IMCC,0
IMCR,0
IMGN,0
IMKTA,0
IMMP,0
IMMR,0
IMNM,0
IMOS,0
IMPL,0
IMRA,0
IMRN,0
IMRNW,0
IMTE,0
IMTX,0
IMTXW,0
IMUX,0
IMV,0
IMVT,0
IMXI,0
INBK,0
INBKL,0
INBKZ,0
INBX,0
INCY,0
INDB,0
INDT,0
INFI,0
INFN,0
INGN,0
INKA,0
INKAU,0
INKAW,0
INM,0
INMB,0
INMD,0
INNV,0
INO,0
INOD,0
INOV,0
INPX,0
INSE,0
INSG,0
INSM,0
INTC,0
INTG,0
INTU,0
INTZ,0
INVA,0
INVE,0
INVO,0
INVZ,0
INVZW,0
INZY,0
IONS,0
IOSP,0
IOVA,0
IPA,0
IPAR,0
IPDN,0
IPGP,0
IPHA,0
IPLDP,0
IPVIU,0
IPWR,0
IQ,0
IRBT,0
IRCP,0
IRDM,0
IRIX,0
IRMD,0
IROQ,0
IRTC,0
IRWD,0
ISBC,0
ISEE,0
ISIG,0
ISLE,0
ISLEW,0
ISNS,0
ISRG,0
ISSC,0
ISTR,0
ISUN,0
ITAC,0
ITACU,0
ITACW,0
ITCI,0
ITHX,0
ITHXU,0
ITHXW,0
ITI,0
ITIC,0
ITMR,0
ITOS,0
ITQ,0
ITQRU,0
ITQRW,0
ITRI,0
ITRM,0
ITRN,0
IVA,0
IVAC,0
IZEA,0
JACK,0
JAGX,0
JAKK,0
JAMF,0
JAN,0
JAZZ,0
JBHT,0
JBLU,0
JBSS,0
JCIC,0
JCICU,0
JCICW,0
JCOM,0
JCS,0
JCTCF,0
JD,0
JFIN,0
JFU,0
JG,0
JJSF,0
JKHY,0
JMPNL,0
JMPNZ,0
JNCE,0
JOAN,0
JOBS,0
JOFF,0
JOFFU,0
JOFFW,0
JOUT,0
JRJC,0
JRSH,0
JRVR,0
JSM,0
JUPW,0
JUPWW,0
JVA,0
JWEL,0
JYAC,0
JYNT,0
KAII,0
KAIIU,0
KAIIW,0
KAIR,0
KAIRU,0
KAIRW,0
KALA,0
KALU,0
KALV,0
KARO,0
KBAL,0
KBNT,0
KBNTW,0
KBSF,0
KC,0
KCAPL,0
KDMN,0
KDNY,0
KDP,0
KE,0
KELYA,0
KELYB,0
KEQU,0
KERN,0
KERNW,0
KFFB,0
KFRC,0
KHC,0
KIDS,0
KIII,0
KIIIU,0
KIN,0
KINS,0
KINZ,0
KINZU,0
KINZW,0
KIRK,0
KLAC,0
KLAQ,0
KLAQU,0
KLAQW,0
KLDO,0
KLIC,0
KLXE,0
KMDA,0
KMPH,0
KNBE,0
KNDI,0
KNSA,0
KNSL,0
KNTE,0
KOD,0
KOPN,0
KOR,0
KOSS,0
KPTI,0
KRBP,0
KRKR,0
KRMD,0
KRNL,0
KRNLU,0
KRNLW,0
KRNT,0
KRNY,0
KRON,0
KROS,0
KRT,0
KRTX,0
KRUS,0
KRYS,0
KSICU,0
KSMT,0
KSMTU,0
KSMTW,0
KSPN,0
KTCC,0
KTOS,0
KTRA,0
KURA,0
KURI,0
KURIU,0
KURIW,0
KVHI,0
KVSA,0
KVSB,0
KVSC,0
KXIN,0
KYMR,0
KZIA,0
KZR,0
LABP,0
LACQ,0
LACQU,0
LACQW,0
LAKE,0
LAMR,0
LANC,0
LAND,0
LANDM,0
LANDO,0
LARK,0
LASR,0
LATN,0
LATNU,0
LATNW,0
LAUR,0
LAWS,0
LAZR,0
LAZY,0
LBAI,0
LBC,0
LBPH,0
LBPS,0
LBPSW,0
LBRDA,0
LBRDK,0
LBRDP,0
LBTYA,0
LBTYB,0
LBTYK,0
LCAAU,0
LCAHU,0
LCAP,0
LCAPU,0
LCAPW,0
LCNB,0
LCUT,0
LCY,0
LCYAU,0
LCYAW,0
LDHAU,0
LE,0
LECO,0
LEDS,0
LEE,0
LEGAU,0
LEGH,0
LEGN,0
LEGO,0
LEGOU,0
LEGOW,0
LESL,0
LEVL,0
LEVLP,0
LEXX,0
LEXXW,0
LFMD,0
LFTR,0
LFTRU,0
LFTRW,0
LFUS,0
LFVN,0
LGAC,0
LGACU,0
LGACW,0
LGHL,0
LGHLW,0
LGIH,0
LGND,0
LGO,0
LGVN,0
LHAA,0
LHCG,0
LHDX,0
LI,0
LIFE,0
LILA,0
LILAK,0
LINC,0
LIND,0
LINK,0
LIQT,0
LITE,0
LIVE,0
LIVK,0
LIVKU,0
LIVKW,0
LIVN,0
LIVX,0
LIXT,0
LIXTW,0
LIZI,0
LJAQ,0
LJAQU,0
LJAQW,0
LJPC,0
LKCO,0
LKFN,0
LKQ,0
LLIT,0
LLNW,0
LMACA,0
LMACU,0
LMACW,0
LMAO,0
LMAOU,0
LMAOW,0
LMAT,0
LMB,0
LMFA,0
LMNL,0
LMNR,0
LMNX,0
LMPX,0
LMRK,0
LMRKN,0
LMRKO,0
LMRKP,0
LMST,0
LNDC,0
LNSR,0
LNT,0
LNTH,0
LOAN,0
LOB,0
LOCO,0
LOGC,0
LOGI,0
LOOP,0
LOPE,0
LORL,0
LOTZ,0
LOTZW,0
LOVE,0
LPCN,0
LPLA,0
LPRO,0
LPSN,0
LPTH,0
LPTX,0
LQDA,0
LQDT,0
LRCX,0
LRMR,0
LSAQ,0
LSBK,0
LSCC,0
LSEA,0
LSEAW,0
LSTR,0
LSXMA,0
LSXMB,0
LSXMK,0
LTBR,0
LTRN,0
LTRPA,0
LTRPB,0
LTRX,0
LULU,0
LUMO,0
LUNA,0
LUNG,0
LUXA,0
LUXAU,0
LUXAW,0
LVRAU,0
LVTX,0
LWAC,0
LWACU,0
LWACW,0
LWAY,0
LX,0
LXEH,0
LXRX,0
LYFT,0
LYL,0
LYRA,0
LYTS,0
MAAC,0
MAACU,0
MAACW,0
MACA,0
MACAU,0
MACAW,0
MACK,0
MACQ,0
MACQU,0
MACQW,0
MACU,0
MACUU,0
MACUW,0
MAGS,0
MANH,0
MANT,0
MAR,0
MARA,0
MARK,0
MARPS,0
MASI,0
MASS,0
MAT,0
MATW,0
MAXN,0
MAYS,0
MBCN,0
MBII,0
MBIN,0
MBINN,0
MBINO,0
MBINP,0
MBIO,0
MBNKP,0
MBOT,0
MBRX,0
MBTCU,0
MBUU,0
MBWM,0
MCAD,0
MCADR,0
MCADU,0
MCBC,0
MCBS,0
MCFE,0
MCFT,0
MCHP,0
MCHX,0
MCMJ,0
MCMJW,0
MCRB,0
MCRI,0
MDB,0
MDCA,0
MDGL,0
MDGS,0
MDGSW,0
MDIA,0
MDJH,0
MDLZ,0
MDNA,0
MDRR,0
MDRRP,0
MDRX,0
MDVL,0
MDWD,0
MDWT,0
MDXG,0
MEDP,0
MEDS,0
MEIP,0
MELI,0
MEOH,0
MERC,0
MESA,0
MESO,0
METC,0
METX,0
METXW,0
MFH,0
MFIN,0
MFNC,0
MGEE,0
MGI,0
MGIC,0
MGLN,0
MGNI,0
MGNX,0
MGPI,0
MGRC,0
MGTA,0
MGTX,0
MGYR,0
MHLD,0
MICT,0
MIDD,0
MILE,0
MILEW,0
MIME,0
MIND,0
MINDP,0
MIRM,0
MIST,0
MITC,0
MITK,0
MITO,0
MKD,0
MKGI,0
MKSI,0
MKTX,0
MKTY,0
MLAB,0
MLAC,0
MLACU,0
MLACW,0
MLCO,0
MLHR,0
MLND,0
MLVF,0
MMAC,0
MMLP,0
MMSI,0
MMYT,0
MNDO,0
MNKD,0
MNOV,0
MNPR,0
MNRO,0
MNSB,0
MNST,0
MNTK,0
MNTX,0
MODV,0
MOFG,0
MOGO,0
MOHO,0
MOMO,0
MON,0
MONCU,0
MONCW,0
MOR,0
MORF,0
MORN,0
MOSY,0
MOTN,0
MOTNU,0
MOTNW,0
MOTS,0
MOVE,0
MOXC,0
MPAA,0
MPACU,0
MPB,0
MPWR,0
MRAC,0
MRACU,0
MRACW,0
MRAM,0
MRBK,0
MRCC,0
MRCY,0
MREO,0
MRIN,0
MRKR,0
MRLN,0
MRM,0
MRNA,0
MRNS,0
MRSN,0
MRTN,0
MRTX,0
MRUS,0
MRVI,0
MRVL,0
MSAC,0
MSACW,0
MSBI,0
MSDAU,0
MSEX,0
MSFT,0
MSGM,0
MSON,0
MSTR,0
MSVB,0
MTAC,0
MTACU,0
MTACW,0
MTBC,0
MTBCP,0
MTC,0
MTCH,0
MTCR,0
MTEM,0
MTEX,0
MTLS,0
MTP,0
MTRX,0
MTSI,0
MTSL,0
MU,0
MUDS,0
MUDSU,0
MUDSW,0
MVBF,0
MVIS,0
MWK,0
MXIM,0
MYFW,0
MYGN,0
MYMD,0
MYRG,0
MYSZ,0
MYT,0
NAAC,0
NAACU,0
NAACW,0
NAII,0
NAKD,0
NAOV,0
NARI,0
NATH,0
NATI,0
NATR,0
NAVI,0
NBEV,0
NBIX,0
NBLX,0
NBN,0
NBRV,0
NBSE,0
NBSTU,0
NBTB,0
NBTX,0
NCBS,0
NCMI,0
NCNA,0
NCNO,0
NCSM,0
NCTY,0
NDAC,0
NDACU,0
NDACW,0
NDAQ,0
NDLS,0
NDRA,0
NDRAW,0
NDSN,0
NEBC,0
NEBCU,0
NEBCW,0
NEO,0
NEOG,0
NEON,0
NEPH,0
NEPT,0
NERV,0
NESR,0
NESRW,0
NETE,0
NEWA,0
NEWT,0
NEWTL,0
NEWTZ,0
NEXI,0
NEXT,0
NFBK,0
NFE,0
NFLX,0
NGAC,0
NGACU,0
NGACW,0
NGCAU,0
NGM,0
NGMS,0
NH,0
NHIC,0
NHICU,0
NHICW,0
NHTC,0
NICE,0
NICK,0
NISN,0
NIU,0
NKLA,0
NKSH,0
NKTR,0
NKTX,0
NLOK,0
NLSP,0
NLSPW,0
NLTX,0
NMFC,0
NMIH,0
NMMC,0
NMMCU,0
NMMCW,0
NMRD,0
NMRK,0
NMTR,0
NNBR,0
NNDM,0
NNOX,0
NOAC,0
NOACU,0
NOACW,0
NODK,0
NOTV,0
NOVN,0
NOVT,0
NPCE,0
NRAC,0
NRACU,0
NRACW,0
NRBO,0
NRC,0
NRIM,0
NRIX,0
NSEC,0
NSIT,0
NSSC,0
NSTG,0
NSYS,0
NTAP,0
NTCT,0
NTEC,0
NTES,0
NTGR,0
NTIC,0
NTLA,0
NTNX,0
NTRA,0
NTRS,0
NTRSO,0
NTUS,0
NTWK,0
NUAN,0
NURO,0
NUVA,0
NUZE,0
NVAX,0
NVCN,0
NVCR,0
NVDA,0
NVEC,0
NVEE,0
NVFY,0
NVIV,0
NVMI,0
NVOS,0
NVSA,0
NVSAU,0
NVSAW,0
NVVE,0
NVVEW,0
NWBI,0
NWE,0
NWFL,0
NWL,0
NWLI,0
NWPX,0
NWS,0
NWSA,0
NXGN,0
NXPI,0
NXST,0
NXTC,0
NXTD,0
NYMT,0
NYMTM,0
NYMTN,0
NYMTO,0
NYMTP,0
NYMX,0
OAS,0
OBAS,0
OBCI,0
OBLG,0
OBLN,0
OBNK,0
OBSV,0
OCAX,0
OCAXU,0
OCAXW,0
OCC,0
OCCI,0
OCCIP,0
OCDX,0
OCFC,0
OCFCP,0
OCG,0
OCGN,0
OCSL,0
OCUL,0
OCUP,0
OCX,0
ODFL,0
ODP,0
ODT,0
OEG,0
OEPW,0
OEPWU,0
OEPWW,0
OESX,0
OFED,0
OFIX,0
OFLX,0
OFS,0
OFSSG,0
OFSSI,0
OGI,0
OHPAU,0
OHPAW,0
OIIM,0
OKTA,0
OLB,0
OLED,0
OLK,0
OLLI,0
OLMA,0
OM,0
OMAB,0
OMCL,0
OMEG,0
OMER,0
OMEX,0
OMP,0
ON,0
ONB,0
ONCR,0
ONCS,0
ONCT,0
ONCY,0
ONDS,0
ONEM,0
ONEW,0
ONTX,0
ONTXW,0
ONVO,0
OPBK,0
OPCH,0
OPEN,0
OPENW,0
OPGN,0
OPHC,0
OPI,0
OPINI,0
OPINL,0
OPK,0
OPNT,0
OPOF,0
OPRA,0
OPRT,0
OPRX,0
OPT,0
OPTN,0
OPTT,0
ORBC,0
ORGO,0
ORGS,0
ORIC,0
ORLY,0
ORMP,0
ORPH,0
ORRF,0
ORTX,0
OSBC,0
OSIS,0
OSMT,0
OSN,0
OSPN,0
OSS,0
OSTK,0
OSTR,0
OSTRU,0
OSTRW,0
OSUR,0
OSW,0
OTEX,0
OTIC,0
OTLK,0
OTLKW,0
OTRA,0
OTRAU,0
OTRAW,0
OTRK,0
OTRKP,0
OTTR,0
OVBC,0
OVID,0
OVLY,0
OXBR,0
OXBRW,0
OXLC,0
OXLCL,0
OXLCM,0
OXLCP,0
OXSQ,0
OXSQL,0
OXSQZ,0
OYST,0
OZK,0
OZON,0
PAA,0
PAAS,0
PACB,0
PACW,0
PACX,0
PACXU,0
PACXW,0
PAE,0
PAEWW,0
PAGP,0
PAHC,0
PAIC,0
PAICU,0
PAICW,0
PANA,0
PANL,0
PAQC,0
PAQCU,0
PAQCW,0
PASG,0
PATI,0
PATK,0
PAVM,0
PAVMW,0
PAVMZ,0
PAX,0
PAYA,0
PAYAW,0
PAYS,0
PAYX,0
PBCT,0
PBCTP,0
PBFS,0
PBHC,0
PBIP,0
PBLA,0
PBPB,0
PBTS,0
PBYI,0
PCAR,0
PCB,0
PCH,0
PCOM,0
PCRX,0
PCSA,0
PCSB,0
PCT,0
PCTI,0
PCTTU,0
PCTTW,0
PCTY,0
PCVX,0
PCYG,0
PCYO,0
PDCE,0
PDCO,0
PDD,0
PDEX,0
PDFS,0
PDLB,0
PDSB,0
PEBK,0
PEBO,0
PEGA,0
PENN,0
PEP,0
PERI,0
PESI,0
PETQ,0
PETS,0
PETZ,0
PFBC,0
PFBI,0
PFC,0
PFDR,0
PFDRU,0
PFDRW,0
PFG,0
PFHD,0
PFIE,0
PFIN,0
PFIS,0
PFLT,0
PFMT,0
PFPT,0
PFSW,0
PFX,0
PFXNL,0
PGC,0
PGEN,0
PGNY,0
PGRW,0
PGRWU,0
PGRWW,0
PHAR,0
PHAS,0
PHAT,0
PHCF,0
PHIC,0
PHICU,0
PHICW,0
PHIO,0
PHIOW,0
PHUN,0
PHUNW,0
PHVS,0
PI,0
PINC,0
PIRS,0
PIXY,0
PKBK,0
PKOH,0
PLAB,0
PLAY,0
PLBC,0
PLBY,0
PLCE,0
PLIN,0
PLL,0
PLMIU,0
PLMR,0
PLPC,0
PLRX,0
PLSE,0
PLTK,0
PLUG,0
PLUS,0
PLXP,0
PLXS,0
PLYA,0
PMBC,0
PMD,0
PME,0
PMGM,0
PMGMU,0
PMGMW,0
PMVP,0
PNBK,0
PNFP,0
PNFPP,0
PNNT,0
PNNTG,0
PNRG,0
PNTG,0
POAI,0
PODD,0
POLA,0
POOL,0
POSH,0
POW,0
POWI,0
POWL,0
POWRU,0
POWRW,0
POWW,0
PPBI,0
PPBT,0
PPC,0
PPD,0
PPGH,0
PPGHU,0
PPGHW,0
PPIH,0
PPSI,0
PPTA,0
PRAA,0
PRAH,0
PRAX,0
PRCH,0
PRDO,0
PRFT,0
PRFX,0
PRGS,0
PRIM,0
PRLD,0
PROF,0
PROG,0
PROV,0
PRPH,0
PRPL,0
PRPO,0
PRQR,0
PRSR,0
PRSRU,0
PRSRW,0
PRTA,0
PRTC,0
PRTG,0
PRTH,0
PRTK,0
PRTS,0
PRVB,0
PSAC,0
PSACU,0
PSACW,0
PSAG,0
PSAGU,0
PSAGW,0
PSEC,0
PSHG,0
PSMT,0
PSNL,0
PSTI,0
PSTV,0
PSTX,0
PT,0
PTC,0
PTCT,0
PTE,0
PTEN,0
PTGX,0
PTIC,0
PTICU,0
PTICW,0
PTIX,0
PTMN,0
PTNR,0
PTOCU,0
PTON,0
PTPI,0
PTRS,0
PTSI,0
PTVCA,0
PTVCB,0
PTVE,0
PUBM,0
PUCK,0
PUCKU,0
PUCKW,0
PULM,0
PUYI,0
PVAC,0
PVBC,0
PWFL,0
PWOD,0
PXLW,0
PXS,0
PXSAP,0
PXSAW,0
PYPD,0
PYPL,0
PYR,0
PZZA,0
QADA,0
QADB,0
QCOM,0
QCRH,0
QDEL,0
QELL,0
QELLU,0
QELLW,0
QFIN,0
QH,0
QIWI,0
QK,0
QLGN,0
QLI,0
QLYS,0
QMCO,0
QNST,0
QQQX,0
QRHC,0
QRTEA,0
QRTEB,0
QRTEP,0
QRVO,0
QTNT,0
QTRX,0
QTT,0
QUIK,0
QUMU,0
QURE,0
RAAC,0
RAACU,0
RAACW,0
RACA,0
RACB,0
RADA,0
RADI,0
RAIL,0
RAIN,0
RAND,0
RAPT,0
RARE,0
RAVE,0
RAVN,0
RBB,0
RBBN,0
RBCAA,0
RBCN,0
RBKB,0
RBNC,0
RCEL,0
RCHG,0
RCHGU,0
RCHGW,0
RCII,0
RCKT,0
RCKY,0
RCLF,0
RCLFU,0
RCLFW,0
RCM,0
RCMT,0
RCON,0
RDCM,0
RDFN,0
RDHL,0
RDI,0
RDIB,0
RDNT,0
RDUS,0
RDVT,0
RDWR,0
REAL,0
REDU,0
REED,0
REFR,0
REG,0
REGI,0
REGN,0
REKR,0
RELI,0
RELIW,0
RELL,0
REPH,0
REPL,0
RESN,0
RETA,0
RETO,0
REVHU,0
REYN,0
RFIL,0
RGCO,0
RGEN,0
RGLD,0
RGLS,0
RGNX,0
RGP,0
RIBT,0
RICK,0
RIDE,0
RIGL,0
RILY,0
RILYG,0
RILYH,0
RILYI,0
RILYK,0
RILYL,0
RILYM,0
RILYN,0
RILYO,0
RILYP,0
RILYT,0
RIOT,0
RIVE,0
RKDA,0
RLAY,0
RLMD,0
RMBI,0
RMBL,0
RMBS,0
RMCF,0
RMGB,0
RMGBU,0
RMGBW,0
RMGC,0
RMGCU,0
RMGCW,0
RMNI,0
RMR,0
RMRM,0
RMTI,0
RNA,0
RNDB,0
RNET,0
RNLX,0
RNST,0
RNWK,0
ROAD,0
ROCC,0
ROCCU,0
ROCCW,0
ROCK,0
ROCR,0
ROCRU,0
ROCRW,0
ROIC,0
ROKU,0
ROLL,0
ROOT,0
ROST,0
RPAY,0
RPD,0
RPHM,0
RPRX,0
RPTX,0
RRBI,0
RRGB,0
RRR,0
RSSS,0
RSVA,0
RSVAU,0
RSVAW,0
RTLR,0
RTPYU,0
RUBY,0
RUN,0
RUSHA,0
RUSHB,0
RUTH,0
RVMD,0
RVNC,0
RVPH,0
RVPHW,0
RVSB,0
RWLK,0
RXDX,0
RXRAU,0
RXRX,0
RXT,0
RYAAY,0
RYTM,0
RZLT,0
SABR,0
SABRP,0
SAFM,0
SAFT,0
SAGE,0
SAIA,0
SAII,0
SAIIU,0
SAIIW,0
SAL,0
SALM,0
SAMG,0
SANA,0
SANM,0
SANW,0
SASR,0
SATS,0
SAVA,0
SBAC,0
SBBP,0
SBCF,0
SBEAU,0
SBFG,0
SBGI,0
SBLK,0
SBLKZ,0
SBNY,0
SBNYP,0
SBRA,0
SBSI,0
SBT,0
SBTX,0
SBUX,0
SCAQU,0
SCHL,0
SCHN,0
SCKT,0
SCLE,0
SCLEU,0
SCLEW,0
SCOA,0
SCOAU,0
SCOAW,0
SCOB,0
SCOBU,0
SCOBW,0
SCOR,0
SCPH,0
SCPL,0
SCPS,0
SCR,0
SCSC,0
SCVL,0
SCWX,0
SCYX,0
SDAC,0
SDACU,0
SDACW,0
SDC,0
SDGR,0
SDH,0
SEAC,0
SECO,0
SEDG,0
SEED,0
SEEL,0
SEER,0
SEIC,0
SELB,0
SELF,0
SENEA,0
SENEB,0
SESN,0
SFBC,0
SFBS,0
SFET,0
SFIX,0
SFM,0
SFNC,0
SFST,0
SFT,0
SGA,0
SGAM,0
SGAMU,0
SGAMW,0
SGBX,0
SGC,0
SGEN,0
SGH,0
SGLB,0
SGLBW,0
SGMA,0
SGMO,0
SGMS,0
SGOC,0
SGRP,0
SGRY,0
SGTX,0
SHAC,0
SHACU,0
SHACW,0
SHBI,0
SHC,0
SHEN,0
SHIP,0
SHIPW,0
SHIPZ,0
SHLS,0
SHOO,0
SHSP,0
SHYF,0
SIBN,0
SIC,0
SIEB,0
SIEN,0
SIFY,0
SIGA,0
SIGI,0
SIGIP,0
SILC,0
SILK,0
SIMO,0
SINO,0
SINT,0
SIOX,0
SIRI,0
SITM,0
SIVB,0
SIVBP,0
SJ,0
SKYT,0
SKYW,0
SLAB,0
SLAM,0
SLAMU,0
SLAMW,0
SLCR,0
SLCRU,0
SLCRW,0
SLCT,0
SLDB,0
SLGG,0
SLGL,0
SLGN,0
SLM,0
SLMBP,0
SLN,0
SLNO,0
SLP,0
SLRC,0
SLRX,0
SLS,0
SMBC,0
SMBK,0
SMCI,0
SMED,0
SMID,0
SMIT,0
SMMF,0
SMMT,0
SMPL,0
SMSI,0
SMTC,0
SMTI,0
SNBR,0
SNCA,0
SNCR,0
SNCY,0
SND,0
SNDL,0
SNDX,0
SNES,0
SNEX,0
SNFCA,0
SNGX,0
SNGXW,0
SNOA,0
SNPS,0
SNRH,0
SNRHU,0
SNRHW,0
SNSE,0
SNY,0
SOHO,0
SOHOB,0
SOHON,0
SOHOO,0
SOHU,0
SOLO,0
SOLOW,0
SOLY,0
SONM,0
SONN,0
SONO,0
SP,0
SPCB,0
SPFI,0
SPI,0
SPKBU,0
SPKE,0
SPKEP,0
SPLK,0
SPNE,0
SPNS,0
SPOK,0
SPPI,0
SPRB,0
SPRO,0
SPRT,0
SPSC,0
SPT,0
SPTK,0
SPTKU,0
SPTKW,0
SPTN,0
SPWH,0
SPWR,0
SQBG,0
SQFT,0
SRAC,0
SRACU,0
SRACW,0
SRAX,0
SRCE,0
SRCL,0
SRDX,0
SREV,0
SRGA,0
SRNE,0
SRNG,0
SRNGU,0
SRNGW,0
SRPT,0
SRRA,0
SRRK,0
SRSA,0
SRSAW,0
SRTS,0
SSAA,0
SSAAU,0
SSAAW,0
SSB,0
SSBI,0
SSKN,0
SSNC,0
SSNT,0
SSP,0
SSPK,0
SSPKU,0
SSPKW,0
SSRM,0
SSSS,0
SSTI,0
SSYS,0
STAA,0
STAF,0
STAY,0
STBA,0
STCN,0
STEP,0
STFC,0
STIM,0
STKL,0
STKS,0
STLD,0
STMP,0
STND,0
STNE,0
STOK,0
STRA,0
STRL,0
STRM,0
STRO,0
STRR,0
STRRP,0
STRS,0
STRT,0
STSA,0
STTK,0
STWO,0
STWOU,0
STWOW,0
STX,0
STXB,0
SUMO,0
SUMR,0
SUNS,0
SUNW,0
SUPN,0
SURF,0
SV,0
SVAC,0
SVACU,0
SVACW,0
SVBI,0
SVC,0
SVFA,0
SVFAU,0
SVFAW,0
SVFB,0
SVFC,0
SVMK,0
SVOK,0
SVOKU,0
SVOKW,0
SVRA,0
SVSVU,0
SVSVW,0
SVVC,0
SWAV,0
SWBI,0
SWET,0
SWETU,0
SWETW,0
SWIM,0
SWIR,0
SWKH,0
SWKS,0
SWTX,0
SXTC,0
SY,0
SYBT,0
SYBX,0
SYKE,0
SYNA,0
SYNH,0
SYNL,0
SYPR,0
SYRS,0
SYTA,0
SYTAW,0
TA,0
TACO,0
TACT,0
TAIT,0
TANH,0
TANNI,0
TANNL,0
TANNZ,0
TAOP,0
TARA,0
TARS,0
TAST,0
TATT,0
TAYD,0
TBBK,0
TBCP,0
TBCPU,0
TBCPW,0
TBIO,0
TBK,0
TBKCP,0
TBLT,0
TBLTW,0
TBNK,0
TBPH,0
TBSAU,0
TC,0
TCAC,0
TCACU,0
TCACW,0
TCBI,0
TCBIL,0
TCBIO,0
TCBIP,0
TCBK,0
TCDA,0
TCF,0
TCFC,0
TCFCP,0
TCMD,0
TCOM,0
TCON,0
TCPC,0
TCRR,0
TCVA,0
TCX,0
TDAC,0
TDACU,0
TDACW,0
TDUP,0
TEAM,0
TECH,0
TECTP,0
TEDU,0
TEKK,0
TEKKU,0
TEKKW,0
TELA,0
TELL,0
TENB,0
TENX,0
TER,0
TERN,0
TESS,0
TETCU,0
TFFP,0
TFSL,0
TGA,0
TGLS,0
TGTX,0
TH,0
THBR,0
THBRU,0
THBRW,0
THCA,0
THCAU,0
THCAW,0
THCB,0
THCBU,0
THCBW,0
THFF,0
THMA,0
THMAU,0
THMAW,0
THMO,0
THRM,0
THRY,0
THTX,0
THWWW,0
TIG,0
TIGO,0
TIGR,0
TIL,0
TILE,0
TIOAU,0
TIPT,0
TIRX,0
TITN,0
TLC,0
TLGT,0
TLIS,0
TLMD,0
TLMDW,0
TLND,0
TLRY,0
TLS,0
TLSA,0
TMCI,0
TMDI,0
TMDX,0
TMKR,0
TMKRU,0
TMKRW,0
TMPM,0
TMPMU,0
TMPMW,0
TMTS,0
TMTSU,0
TMTSW,0
TMUS,0
TNDM,0
TNXP,0
TOMZ,0
TOPS,0
TOUR,0
TOWN,0
TPCO,0
TPIC,0
TPTX,0
TRCH,0
TREE,0
TRHC,0
TRIB,0
TRIL,0
TRIN,0
TRIP,0
TRIT,0
TRITW,0
TRKA,0
TRKAW,0
TRMB,0
TRMD,0
TRMK,0
TRMT,0
TRNS,0
TROW,0
TRS,0
TRST,0
TRUE,0
TRUP,0
TRVG,0
TRVI,0
TRVN,0
TSBK,0
TSC,0
TSCAP,0
TSCBP,0
TSCO,0
TSEM,0
TSHA,0
TSIA,0
TSIAU,0
TSIAW,0
TSIB,0
TSIBU,0
TSIBW,0
TSLA,0
TSP,0
TSRI,0
TTCF,0
TTD,0
TTEC,0
TTEK,0
TTGT,0
TTMI,0
TTNP,0
TTOO,0
TTWO,0
TURN,0
TUSK,0
TVAC,0
TVACU,0
TVACW,0
TVTX,0
TVTY,0
TW,0
TWCT,0
TWCTU,0
TWCTW,0
TWIN,0
TWLVU,0
TWNK,0
TWNKW,0
TWOU,0
TWST,0
TXG,0
TXMD,0
TXN,0
TXRH,0
TYHT,0
TYME,0
TZOO,0
TZPS,0
TZPSU,0
TZPSW,0
UAL,0
UBCP,0
UBFO,0
UBOH,0
UBSI,0
UBX,0
UCBI,0
UCBIO,0
UCL,0
UCTT,0
UEIC,0
UEPS,0
UFCS,0
UFPI,0
UFPT,0
UG,0
UGRO,0
UHAL,0
UIHC,0
UK,0
UKOMW,0
ULBI,0
ULCC,0
ULH,0
ULTA,0
UMBF,0
UMPQ,0
UNAM,0
UNB,0
UNIT,0
UNTY,0
UONE,0
UONEK,0
UPC,0
UPLD,0
UPST,0
UPWK,0
URBN,0
URGN,0
USAK,0
USAP,0
USAU,0
USCR,0
USEG,0
USIO,0
USLM,0
USWS,0
USWSW,0
UTHR,0
UTMD,0
UTME,0
UTSI,0
UVSP,0
UXIN,0
VABK,0
VACQ,0
VACQU,0
VACQW,0
VALU,0
VAQC,0
VBFC,0
VBIV,0
VBLT,0
VBTX,0
VC,0
VCEL,0
VCKA,0
VCKAU,0
VCKAW,0
VCNX,0
VCTR,0
VCVC,0
VCVCU,0
VCVCW,0
VCYT,0
VECO,0
VECT,0
VELO,0
VELOU,0
VELOW,0
VENA,0
VENAR,0
VENAU,0
VENAW,0
VEON,0
VERB,0
VERBW,0
VERI,0
VERO,0
VERU,0
VERX,0
VERY,0
VFF,0
VG,0
VIAC,0
VIACA,0
VIACP,0
VIAV,0
VICR,0
VIEW,0
VIEWW,0
VIH,0
VIHAU,0
VIHAW,0
VII,0
VIIAU,0
VIIAW,0
VINC,0
VINCW,0
VINO,0
VINP,0
VIOT,0
VIR,0
VIRC,0
VIRI,0
VIRT,0
VIRX,0
VISL,0
VITL,0
VIVE,0
VIVO,0
VJET,0
VKTX,0
VLDR,0
VLDRW,0
VLGEA,0
VLON,0
VLY,0
VLYPO,0
VLYPP,0
VMAC,0
VMACU,0
VMACW,0
VMAR,0
VMD,0
VNDA,0
VNET,0
VNOM,0
VOD,0
VOR,0
VOSO,0
VOSOU,0
VOSOW,0
VOXX,0
VPCBU,0
VRA,0
VRAY,0
VRCA,0
VRDN,0
VREX,0
VRM,0
VRME,0
VRMEW,0
VRNA,0
VRNS,0
VRNT,0
VRPX,0
VRRM,0
VRSK,0
VRSN,0
VRTS,0
VRTX,0
VS,0
VSAT,0
VSEC,0
VSPR,0
VSPRU,0
VSPRW,0
VSSYW,0
VSTA,0
VSTM,0
VTAQ,0
VTAQR,0
VTAQU,0
VTAQW,0
VTGN,0
VTIQ,0
VTIQU,0
VTIQW,0
VTNR,0
VTRS,0
VTRU,0
VTSI,0
VTVT,0
VUZI,0
VVOS,0
VVPR,0
VWTR,0
VXRT,0
VYGR,0
VYNE,0
VYNT,0
WABC,0
WAFD,0
WAFDP,0
WAFU,0
WALDU,0
WASH,0
WATT,0
WB,0
WBA,0
WDAY,0
WDC,0
WDFC,0
WEN,0
WERN,0
WETF,0
WEYS,0
WFCF,0
WHF,0
WHFBZ,0
WHLM,0
WHLR,0
WHLRD,0
WHLRP,0
WIFI,0
WILC,0
WIMI,0
WINA,0
WING,0
WINT,0
WIRE,0
WISA,0
WISH,0
WIX,0
WKEY,0
WKHS,0
WLDN,0
WLFC,0
WLTW,0
WMG,0
WMPN,0
WNEB,0
WNW,0
WOOF,0
WORX,0
WPRT,0
WRAP,0
WRLD,0
WSBC,0
WSBCP,0
WSBF,0
WSC,0
WSFS,0
WSTG,0
WTBA,0
WTER,0
WTFC,0
WTFCM,0
WTFCP,0
WTRE,0
WTREP,0
WTRH,0
WVE,0
WVFC,0
WVVI,0
WVVIP,0
WW,0
WWD,0
WYNN,0
XAIR,0
XBIO,0
XBIOW,0
XBIT,0
XCUR,0
XEL,0
XELA,0
XELB,0
XENE,0
XENT,0
XERS,0
XFOR,0
XGN,0
XLNX,0
XLRN,0
XM,0
XNCR,0
XNET,0
XOG,0
XOMA,0
XOMAO,0
XOMAP,0
XONE,0
XP,0
XPDI,0
XPDIU,0
XPDIW,0
XPEL,0
XPER,0
XRAY,0
XSPA,0
XTLB,0
YELL,0
YGMZ,0
YI,0
YJ,0
YMAB,0
YMTX,0
YNDX,0
YORW,0
YQ,0
YSAC,0
YSACU,0
YSACW,0
YTEN,0
YTRA,0
YVR,0
YY,0
Z,0
ZBRA,0
ZCMD,0
ZEAL,0
ZEUS,0
ZG,0
ZGNX,0
ZGYH,0
ZGYHR,0
ZGYHW,0
ZI,0
ZION,0
ZIONL,0
ZIONN,0
ZIONO,0
ZIONP,0
ZIOP,0
ZIXI,0
ZKIN,0
ZLAB,0
ZM,0
ZNGA,0
ZNTE,0
ZNTEU,0
ZNTEW,0
ZNTL,0
ZS,0
ZSAN,0
ZUMZ,0
ZVO,0
ZWRK,0
ZWRKU,0
ZWRKW,0
ZY,0
ZYNE,0
ZYXI,0
A,0
AA,0
AAC,0
AAIC,0
AAIC^B,0
AAIC^C,0
AAN,0
AAP,0
AAT,0
AB,0
ABB,0
ABBV,0
ABC,0
ABEV,0
ABG,0
ABM,0
ABR,0
ABR^A,0
ABR^B,0
ABR^C,0
ABT,0
AC,0
ACA,0
ACB,0
ACC,0
ACCO,0
ACEL,0
ACH,0
ACI,0
ACIC,0
ACII,0
ACM,0
ACN,0
ACND,0
ACP,0
ACR,0
ACR^C,0
ACRE,0
ACV,0
ADC,0
ADCT,0
ADEX,0
ADM,0
ADNT,0
ADS,0
ADT,0
ADX,0
AEB,0
AEE,0
AEFC,0
AEG,0
AEL,0
AEL^A,0
AEL^B,0
AEM,0
AENZ,0
AEO,0
AER,0
AES,0
AESC,0
AEVA,0
AFB,0
AFG,0
AFGB,0
AFGC,0
AFGD,0
AFGE,0
AFI,0
AFL,0
AFT,0
AG,0
AGAC,0
AGCB,0
AGCO,0
AGD,0
AGI,0
AGL,0
AGM,0
AGM^C,0
AGM^D,0
AGM^E,0
AGM^F,0
AGO,0
AGO^B,0
AGO^E,0
AGO^F,0
AGR,0
AGRO,0
AGS,0
AGTI,0
AGX,0
AHC,0
AHH,0
AHH^A,0
AHL^C,0
AHL^D,0
AHL^E,0
AHT,0
AHT^D,0
AHT^F,0
AHT^G,0
AHT^H,0
AHT^I,0
AI,0
AIC,0
AIF,0
AIG,0
AIG^A,0
AIN,0
AIO,0
AIR,0
AIRC,0
AIT,0
AIV,0
AIW,0
AIZ,0
AIZN,0
AJAX,0
AJG,0
AJRD,0
AJX,0
AJXA,0
AKO/A,0
AKO/B,0
AKR,0
AL,0
AL^A,0
ALB,0
ALC,0
ALE,0
ALEX,0
ALG,0
ALIN^A,0
ALIN^B,0
ALIN^E,0
ALK,0
ALL,0
ALL^B,0
ALL^G,0
ALL^H,0
ALL^I,0
ALLE,0
ALLY,0
ALLY^A,0
ALP^Q,0
ALSN,0
ALTG,0
ALTG^A,0
ALUS,0
ALV,0
ALX,0
AM,0
AMBC,0
AMC,0
AMCR,0
AME,0
AMG,0
AMH,0
AMH^D,0
AMH^E,0
AMH^F,0
AMH^G,0
AMH^H,0
AMK,0
AMN,0
AMOV,0
AMP,0
AMPI,0
AMPY,0
AMR,0
AMRC,0
AMRX,0
AMT,0
AMWL,0
AMX,0
AN,0
ANAC,0
ANET,0
ANF,0
ANTM,0
AOD,0
AON,0
AONE,0
AOS,0
AP,0
APAM,0
APD,0
APG,0
APGB,0
APH,0
APLE,0
APO,0
APO^A,0
APO^B,0
APRN,0
APSG,0
APTS,0
APTV,0
APTV^A,0
AQN,0
AQNA,0
AQNB,0
AQUA,0
AR,0
ARC,0
ARCH,0
ARCO,0
ARD,0
ARDC,0
ARE,0
ARES,0
ARES^A,0
ARGD,0
ARGO,0
ARGO^A,0
ARI,0
ARL,0
ARLO,0
ARMK,0
ARNC,0
AROC,0
ARR,0
ARR^C,0
ARW,0
ASA,0
ASAI,0
ASAN,0
ASAQ,0
ASB,0
ASB^C,0
ASB^D,0
ASB^E,0
ASB^F,0
ASC,0
ASG,0
ASGI,0
ASGN,0
ASH,0
ASIX,0
ASPL,0
ASPN,0
ASR,0
ASX,0
ASZ,0
AT,0
ATA,0
ATAC,0
ATAQ,0
ATC,0
ATCO,0
ATCO^D,0
ATCO^E,0
ATCO^G,0
ATCO^H,0
ATCO^I,0
ATEN,0
ATGE,0
ATH,0
ATH^A,0
ATH^B,0
ATH^C,0
ATH^D,0
ATHM,0
ATI,0
ATKR,0
ATMR,0
ATO,0
ATR,0
ATTO,0
ATUS,0
AU,0
AUD,0
AUS,0
AUY,0
AVA,0
AVAL,0
AVAN,0
AVB,0
AVD,0
AVK,0
AVLR,0
AVNS,0
AVNT,0
AVTR,0
AVTR^A,0
AVY,0
AVYA,0
AWF,0
AWI,0
AWK,0
AWP,0
AWR,0
AX,0
AXL,0
AXP,0
AXR,0
AXS,0
AXS^E,0
AXTA,0
AYI,0
AYX,0
AZEK,0
AZO,0
AZRE,0
AZUL,0
AZZ,0
B,0
BA,0
BABA,0
BAC,0
BAC^B,0
BAC^E,0
BAC^K,0
BAC^L,0
BAC^M,0
BAC^N,0
BAC^O,0
BAC^P,0
BAH,0
BAK,0
BALY,0
BAM,0
BAMH,0
BAMI,0
BANC,0
BANC^E,0
BAP,0
BAX,0
BB,0
BBAR,0
BBD,0
BBDC,0
BBDO,0
BBL,0
BBN,0
BBU,0
BBVA,0
BBW,0
BBY,0
BC,0
BC^A,0
BC^B,0
BC^C,0
BCAT,0
BCC,0
BCE,0
BCEI,0
BCH,0
BCO,0
BCS,0
BCSF,0
BCX,0
BDC,0
BDJ,0
BDN,0
BDX,0
BDXB,0
BE,0
BEDU,0
BEKE,0
BEN,0
BEP,0
BEP^A,0
BEPC,0
BEPH,0
BERY,0
BEST,0
BF/A,0
BF/B,0
BFAM,0
BFK,0
BFLY,0
BFS,0
BFS^D,0
BFS^E,0
BFZ,0
BG,0
BGB,0
BGH,0
BGIO,0
BGR,0
BGS,0
BGSF,0
BGT,0
BGX,0
BGY,0
BH,0
BHC,0
BHE,0
BHK,0
BHLB,0
BHP,0
BHR,0
BHR^B,0
BHR^D,0
BHV,0
BHVN,0
BIF,0
BIG,0
BIGZ,0
BILL,0
BIO,0
BIO/B,0
BIP,0
BIP^A,0
BIP^B,0
BIPC,0
BIT,0
BITE,0
BJ,0
BK,0
BKD,0
BKE,0
BKH,0
BKI,0
BKN,0
BKR,0
BKT,0
BKU,0
BLD,0
BLE,0
BLK,0
BLL,0
BLUA,0
BLW,0
BLX,0
BMA,0
BME,0
BMEZ,0
BMI,0
BML^G,0
BML^H,0
BML^J,0
BML^L,0
BMO,0
BMY,0
BNED,0
BNL,0
BNS,0
BNY,0
BOAC,0
BOAS,0
BOE,0
BOH,0
BOOT,0
BORR,0
BOX,0
BP,0
BPMP,0
BPT,0
BQ,0
BR,0
BRBR,0
BRC,0
BRFS,0
BRK/A,0
BRK/B,0
BRMK,0
BRO,0
BRT,0
BRX,0
BSA,0
BSAC,0
BSBR,0
BSIG,0
BSL,0
BSM,0
BSMX,0
BSN,0
BST,0
BSTZ,0
BSX,0
BSX^A,0
BTA,0
BTCM,0
BTI,0
BTO,0
BTT,0
BTU,0
BTZ,0
BUD,0
BUI,0
BUR,0
BURL,0
BV,0
BVH,0
BVN,0
BW,0
BWA,0
BWG,0
BWSN,0
BWXT,0
BX,0
BXC,0
BXG,0
BXMT,0
BXMX,0
BXP,0
BXS,0
BXS^A,0
BY,0
BYD,0
BYM,0
BZH,0
C,0
C^J,0
C^K,0
C^N,0
CAAP,0
CABO,0
CACI,0
CADE,0
CAE,0
CAF,0
CAG,0
CAH,0
CAI,0
CAI^A,0
CAI^B,0
CAJ,0
CAL,0
CALX,0
CANG,0
CAP,0
CAPL,0
CARR,0
CARS,0
CAS,0
CAT,0
CATO,0
CB,0
CBAH,0
CBB,0
CBB^B,0
CBD,0
CBH,0
CBRE,0
CBT,0
CBU,0
CBZ,0
CC,0
CCAC,0
CCEP,0
CCI,0
CCIV,0
CCJ,0
CCK,0
CCL,0
CCM,0
CCO,0
CCS,0
CCU,0
CCV,0
CCVI,0
CCX,0
CCZ,0
CDAY,0
CDE,0
CDR,0
CDR^B,0
CDR^C,0
CE,0
CEA,0
CEE,0
CEIX,0
CELP,0
CEM,0
CEN,0
CEPU,0
CEQP,0
CEQP^,0
CF,0
CFG,0
CFG^D,0
CFG^E,0
CFR,0
CFR^B,0
CFX,0
CFXA,0
CGA,0
CGAU,0
CHAA,0
CHCT,0
CHD,0
CHE,0
CHGG,0
CHH,0
CHMI,0
CHMI^A,0
CHMI^B,0
CHN,0
CHPT,0
CHRA,0
CHS,0
CHT,0
CHWY,0
CI,0
CIA,0
CIB,0
CIEN,0
CIF,0
CIG,0
CII,0
CIM,0
CIM^A,0
CIM^B,0
CIM^C,0
CIM^D,0
CINR,0
CIO,0
CIO^A,0
CIR,0
CIT,0
CIT^B,0
CIXX,0
CL,0
CLAA,0
CLAS,0
CLB,0
CLDR,0
CLDT,0
CLF,0
CLGX,0
CLH,0
CLI,0
CLII,0
CLIM,0
CLNC,0
CLNY,0
CLNY^G,0
CLNY^H,0
CLNY^I,0
CLNY^J,0
CLPR,0
CLR,0
CLS,0
CLVT,0
CLW,0
CLX,0
CM,0
CMA,0
CMC,0
CMCM,0
CMD,0
CMG,0
CMI,0
CMO,0
CMO^E,0
CMP,0
CMRE,0
CMRE^B,0
CMRE^C,0
CMRE^D,0
CMRE^E,0
CMS,0
CMS^B,0
CMSA,0
CMSC,0
CMSD,0
CMU,0
CNA,0
CNC,0
CND,0
CNF,0
CNHI,0
CNI,0
CNK,0
CNMD,0
CNNE,0
CNO,0
CNO^A,0
CNP,0
CNP^B,0
CNQ,0
CNR,0
CNS,0
CNX,0
CO,0
CODI,0
CODI^A,0
CODI^B,0
CODI^C,0
COE,0
COF,0
COF^G,0
COF^H,0
COF^I,0
COF^J,0
COF^K,0
COG,0
COLD,0
COMP,0
COO,0
COP,0
COR,0
CORR,0
CORR^A,0
COTY,0
COUR,0
CP,0
CPA,0
CPAC,0
CPB,0
CPE,0
CPF,0
CPG,0
CPK,0
CPLG,0
CPNG,0
CPRI,0
CPS,0
CPSR,0
CPT,0
CPTK,0
CPUH,0
CR,0
CRC,0
CRD/A,0
CRD/B,0
CRH,0
CRHC,0
CRI,0
CRK,0
CRL,0
CRM,0
CRS,0
CRT,0
CRU,0
CRY,0
CS,0
CSAN,0
CSL,0
CSLT,0
CSPR,0
CSR,0
CSR^C,0
CSTA,0
CSTM,0
CSU,0
CSV,0
CTA^A,0
CTA^B,0
CTAC,0
CTB,0
CTBB,0
CTDD,0
CTK,0
CTLT,0
CTO,0
CTOS,0
CTR,0
CTS,0
CTT,0
CTVA,0
CUB,0
CUBB,0
CUBE,0
CUBI,0
CUBI^C,0
CUBI^D,0
CUBI^E,0
CUBI^F,0
CUK,0
CULP,0
CURO,0
CUZ,0
CVA,0
CVE,0
CVEO,0
CVI,0
CVII,0
CVNA,0
CVS,0
CVX,0
CW,0
CWEN,0
CWH,0
CWK,0
CWT,0
CX,0
CXE,0
CXH,0
CXP,0
CXW,0
CYD,0
CYH,0
D,0
DAC,0
DAL,0
DAN,0
DAO,0
DAR,0
DASH,0
DAVA,0
DB,0
DBD,0
DBI,0
DBL,0
DCF,0
DCI,0
DCO,0
DCP,0
DCP^B,0
DCP^C,0
DCUE,0
DD,0
DDD,0
DDF,0
DDS,0
DDT,0
DE,0
DEA,0
DECK,0
DEH,0
DEI,0
DELL,0
DEN,0
DEO,0
DESP,0
DEX,0
DFIN,0
DFNS,0
DFP,0
DFS,0
DG,0
DGNR,0
DGX,0
DHF,0
DHI,0
DHR,0
DHR^A,0
DHR^B,0
DHT,0
DHX,0
DIAX,0
DIN,0
DIS,0
DK,0
DKL,0
DKS,0
DLB,0
DLNG,0
DLNG^A,0
DLNG^B,0
DLR,0
DLR^C,0
DLR^J,0
DLR^K,0
DLR^L,0
DLX,0
DLY,0
DM,0
DMB,0
DMO,0
DMS,0
DMYI,0
DMYQ,0
DNB,0
DNMR,0
DNOW,0
DNP,0
DNZ,0
DOC,0
DOCN,0
DOOR,0
DOV,0
DOW,0
DPG,0
DPZ,0
DQ,0
DRD,0
DRE,0
DRH,0
DRH^A,0
DRI,0
DRQ,0
DRUA,0
DS,0
DS^B,0
DS^C,0
DS^D,0
DSE,0
DSL,0
DSM,0
DSSI,0
DSU,0
DSX,0
DSX^B,0
DT,0
DTB,0
DTE,0
DTF,0
DTJ,0
DTLA^,0
DTP,0
DTW,0
DTY,0
DUK,0
DUK^A,0
DUKB,0
DUKH,0
DV,0
DVA,0
DVD,0
DVN,0
DWIN,0
DX,0
DX^C,0
DXC,0
DY,0
DYFN,0
E,0
EAF,0
EAI,0
EARN,0
EAT,0
EB,0
EBF,0
EBR,0
EBS,0
EC,0
ECC           ,0
ECCB,0
ECCW,0
ECCX,0
ECCY,0
ECL,0
ECOM          ,0
ED,0
EDD,0
EDF,0
EDI,0
EDN,0
EDR,0
EDU,0
EEA,0
EEX,0
EFC,0
EFC^A,0
EFF,0
EFL,0
EFR,0
EFT,0
EFX,0
EGF,0
EGHT,0
EGO,0
EGP,0
EGY,0
EHC,0
EHI,0
EHT,0
EIC,0
EIG,0
EIX,0
EL,0
ELAN,0
ELAT,0
ELC,0
ELF,0
ELP,0
ELS,0
ELVT,0
ELY,0
EMD,0
EME,0
EMF,0
EMN,0
EMO,0
EMP,0
EMPW,0
EMR,0
ENB,0
ENBA,0
ENBL,0
ENIA,0
ENIC,0
ENJ,0
ENLC,0
ENO,0
ENPC,0
ENR,0
ENR^A,0
ENS,0
ENV,0
ENVA,0
ENZ,0
EOD,0
EOG,0
EOI,0
EOS,0
EOT,0
EP^C,0
EPAC,0
EPAM,0
EPC,0
EPD,0
EPR,0
EPR^C,0
EPR^E,0
EPR^G,0
EPRT,0
EPWR,0
EQC,0
EQC^D,0
EQD,0
EQH,0
EQH^A,0
EQH^C,0
EQHA,0
EQNR,0
EQR,0
EQS,0
EQT,0
ERF,0
ERJ,0
ES,0
ESE,0
ESGC,0
ESI,0
ESM,0
ESNT,0
ESRT,0
ESS,0
ESTC,0
ESTE,0
ET,0
ET^C,0
ET^D,0
ET^E,0
ETB,0
ETG,0
ETH,0
ETI^,0
ETJ,0
ETN,0
ETO,0
ETR,0
ETRN,0
ETV,0
ETW,0
ETWO,0
ETX           ,0
ETY,0
EURN,0
EVA,0
EVC,0
EVF,0
EVG,0
EVH,0
EVN,0
EVR,0
EVRG,0
EVRI,0
EVT,0
EVTC,0
EW,0
EXD,0
EXG,0
EXK,0
EXP,0
EXPR,0
EXR,0
EXTN,0
F,0
F^B,0
F^C,0
FACA,0
FACT,0
FAF,0
FAII,0
FAM,0
FBC,0
FBHS,0
FBK,0
FBP,0
FC,0
FCAX,0
FCF,0
FCN,0
FCPT,0
FCRW,0
FCRZ,0
FCT,0
FCX,0
FDEU,0
FDP,0
FDX,0
FE,0
FEDU,0
FEI           ,0
FENG,0
FEO,0
FERG,0
FET,0
FF,0
FFA,0
FFC,0
FFG,0
FGB,0
FGNA,0
FHI,0
FHN,0
FHN^A,0
FHN^B,0
FHN^C,0
FHN^D,0
FHN^E,0
FHS,0
FI,0
FICO,0
FIF,0
FINS,0
FINV,0
FIS,0
FIV,0
FIX,0
FL,0
FLC,0
FLME,0
FLNG,0
FLO,0
FLOW,0
FLR,0
FLS,0
FLT,0
FLY,0
FMAC,0
FMC,0
FMN,0
FMO,0
FMS,0
FMX,0
FMY,0
FN,0
FNB,0
FNB^E,0
FND,0
FNF,0
FNV,0
FOA,0
FOE,0
FOF,0
FOR,0
FOUR,0
FPAC,0
FPF,0
FPH,0
FPI,0
FPI^B,0
FPL,0
FR,0
FRA,0
FRC,0
FRC^H,0
FRC^I,0
FRC^J,0
FRC^K,0
FRC^L,0
FRO,0
FRT,0
FRT^C,0
FRX,0
FSD,0
FSK,0
FSKR,0
FSLF,0
FSLY,0
FSM,0
FSNB,0
FSR,0
FSS,0
FST,0
FT,0
FTAI,0
FTAI^A,0
FTAI^B,0
FTAI^C,0
FTCH,0
FTEV,0
FTHY,0
FTI,0
FTK,0
FTS,0
FTV,0
FTV^A,0
FUBO,0
FUL,0
FUN,0
FUSE,0
FVRR,0
FVT,0
G,0
GAB,0
GAB^G,0
GAB^H,0
GAB^J,0
GAB^K,0
GAM,0
GAM^B,0
GATO,0
GATX,0
GB,0
GBAB,0
GBL,0
GBX,0
GCI,0
GCO,0
GCP,0
GCV,0
GD,0
GDDY,0
GDL,0
GDO,0
GDOT,0
GDV,0
GDV^G,0
GDV^H,0
GE,0
GEF,0
GEL,0
GENI,0
GEO,0
GER,0
GES,0
GF,0
GFF,0
GFI,0
GFL,0
GFLU,0
GFX,0
GGB,0
GGG,0
GGM,0
GGT,0
GGT^E,0
GGT^G,0
GGZ,0
GGZ^A,0
GHC,0
GHG,0
GHL,0
GHLD,0
GHM,0
GHY,0
GIB,0
GIK,0
GIL,0
GIM,0
GIS,0
GIX,0
GJH,0
GJO,0
GJR,0
GJS,0
GJT,0
GKOS,0
GL,0
GL^C,0
GLEO,0
GLOB,0
GLOG,0
GLOG^A,0
GLOP,0
GLOP^A,0
GLOP^B,0
GLOP^C,0
GLP,0
GLP^A,0
GLP^B,0
GLT,0
GLW,0
GM,0
GME,0
GMED,0
GMRE,0
GMRE^A,0
GMS,0
GMTA,0
GNE,0
GNE^A,0
GNK,0
GNL,0
GNL^A,0
GNL^B,0
GNPK,0
GNRC,0
GNT,0
GNT^A,0
GNW,0
GOAC,0
GOF,0
GOL,0
GOLD,0
GOLF,0
GOOS,0
GPC,0
GPI,0
GPJA,0
GPK,0
GPM,0
GPMT,0
GPN,0
GPRK,0
GPS,0
GPX,0
GRA,0
GRC,0
GRUB,0
GRX,0
GS,0
GS^A,0
GS^C,0
GS^D,0
GS^J,0
GS^K,0
GS^N,0
GSAH,0
GSBD,0
GSK,0
GSL,0
GSL^B,0
GSLD,0
GSQD,0
GSX,0
GTES,0
GTLS,0
GTN,0
GTS,0
GTT,0
GTY,0
GUT,0
GUT^A,0
GUT^C,0
GVA,0
GWB,0
GWRE,0
GWW,0
H,0
HAE,0
HAL,0
HASI,0
HAYW,0
HBB,0
HBI,0
HBM,0
HCA,0
HCC,0
HCHC,0
HCI,0
HCXY,0
HCXZ,0
HD,0
HDB,0
HE,0
HEI,0
HEI/A,0
HEP,0
HEQ,0
HES,0
HESM,0
HEXO,0
HFC,0
HFRO,0
HFRO^A,0
HGH,0
HGLB,0
HGV,0
HHC,0
HHLA,0
HI,0
HIE,0
HIG,0
HIG^G,0
HIGA,0
HII,0
HIL,0
HIMS,0
HIO,0
HIW,0
HIX,0
HKIB,0
HL,0
HLF,0
HLI,0
HLT,0
HLX,0
HMC,0
HMLP,0
HMLP^A,0
HMN,0
HMY,0
HNGR,0
HNI,0
HNP,0
HOG,0
HOME,0
HON,0
HOV,0
HP,0
HPE,0
HPF,0
HPI,0
HPP,0
HPQ,0
HPS,0
HPX,0
HQH,0
HQL,0
HR,0
HRB,0
HRC,0
HRI,0
HRL,0
HRTG,0
HSBC,0
HSC,0
HSY,0
HT,0
HT^C,0
HT^D,0
HT^E,0
HTA,0
HTD,0
HTFB,0
HTGC,0
HTH,0
HTPA,0
HTY,0
HUBB,0
HUBS,0
HUGS,0
HUM,0
HUN,0
HUYA,0
HVT,0
HVT/A,0
HWM,0
HXL,0
HY,0
HYB,0
HYI,0
HYLN,0
HYT,0
HZAC,0
HZN,0
HZO,0
HZON,0
IAA,0
IACA,0
IACB,0
IACC,0
IAE,0
IAG,0
IBA,0
IBER,0
IBM,0
IBN,0
IBP,0
ICD,0
ICE,0
ICL,0
IDA,0
IDE,0
IDT,0
IEX,0
IFF,0
IFFT,0
IFN,0
IFS,0
IGA,0
IGD,0
IGI,0
IGR,0
IGT,0
IH,0
IHC,0
IHD,0
IHG,0
IHIT,0
IHTA,0
IIAC,0
IIF,0
IIIN,0
IIM,0
IIPR,0
IIPR^A,0
IMAX,0
IMPX,0
INFO,0
INFY,0
ING,0
INGR,0
INN,0
INN^D,0
INN^E,0
INSI,0
INSP,0
INSW,0
INSW^A,0
INT,0
INVH,0
IO,0
IP,0
IPG,0
IPI,0
IPOD,0
IPOE,0
IPOF,0
IPVA,0
IPVF,0
IQI,0
IQV,0
IR,0
IRL,0
IRM,0
IRR,0
IRS,0
IRT,0
ISD,0
ISOS,0
IT,0
ITCB,0
ITGR,0
ITT,0
ITUB,0
ITW,0
IVAN,0
IVC,0
IVH,0
IVR,0
IVR^A,0
IVR^B,0
IVR^C,0
IVZ,0
IX,0
J,0
JAX,0
JBGS,0
JBL,0
JBT,0
JCE,0
JCI,0
JCO,0
JDD,0
JEF,0
JELD,0
JEMD,0
JEQ,0
JFR,0
JGH,0
JHAA,0
JHB,0
JHG,0
JHI,0
JHS,0
JHX,0
JIH,0
JILL,0
JKS,0
JLL,0
JLS,0
JMIA,0
JMM,0
JMP,0
JNJ,0
JNPR,0
JOE,0
JOF,0
JP,0
JPC,0
JPI,0
JPM,0
JPM^C,0
JPM^D,0
JPM^G,0
JPM^H,0
JPM^J,0
JPM^K,0
JPS,0
JPT,0
JQC,0
JRI,0
JRO,0
JRS,0
JSD,0
JT,0
JTA,0
JTD,0
JW/A,0
JW/B,0
JWN,0
JWS,0
JWSM,0
K,0
KAI,0
KAMN,0
KAR,0
KB,0
KBH,0
KBR,0
KCAC,0
KEN,0
KEP,0
KEX,0
KEY,0
KEY^I,0
KEY^J,0
KEY^K,0
KEYS,0
KF,0
KFS,0
KFY,0
KGC,0
KIM,0
KIM^L,0
KIM^M,0
KIO,0
KKR,0
KKR^A,0
KKR^B,0
KKR^C,0
KKRS,0
KL,0
KMB,0
KMF,0
KMI,0
KMPR,0
KMT,0
KMX,0
KN,0
KNL,0
KNOP,0
KNX,0
KO,0
KODK,0
KOF,0
KOP,0
KOS,0
KR,0
KRA,0
KRC,0
KREF,0
KREF^A,0
KRG,0
KRO,0
KRP,0
KSM,0
KSS,0
KSU,0
KSU^,0
KT,0
KTB,0
KTF,0
KTH,0
KTN,0
KUKE,0
KW,0
KWAC,0
KWR,0
KYN,0
L,0
LAC,0
LAD,0
LADR,0
LAIX,0
LAZ,0
LB,0
LBRT,0
LC,0
LCI,0
LCII,0
LDI,0
LDL,0
LDOS,0
LDP,0
LEA,0
LEAF,0
LEAP,0
LEG,0
LEJU,0
LEN,0
LEO,0
LEVI,0
LFC,0
LFT,0
LGI,0
LH,0
LHC,0
LHX,0
LII,0
LIII,0
LIN,0
LINX,0
LITB,0
LL,0
LLY,0
LMND,0
LMT,0
LNC,0
LND,0
LNFA,0
LNN,0
LOKB,0
LOKM,0
LOMA,0
LOW,0
LPG,0
LPI,0
LPL,0
LPX,0
LRN,0
LSI,0
LSPD,0
LTC,0
LTHM,0
LU,0
LUB,0
LUMN,0
LUV,0
LVS,0
LW,0
LXP,0
LXP^C,0
LXU,0
LYB,0
LYG,0
LYV,0
LZB,0
M,0
MA,0
MAA,0
MAA^I,0
MAC,0
MACC,0
MAIN,0
MAN,0
MANU,0
MAS,0
MATX,0
MAV,0
MAX,0
MAXR,0
MBAC,0
MBI,0
MBT,0
MC,0
MCA,0
MCB,0
MCD,0
MCI,0
MCK,0
MCN,0
MCO,0
MCR,0
MCS,0
MCY,0
MD,0
MDC,0
MDH,0
MDLA,0
MDLQ,0
MDLX,0
MDLY,0
MDP,0
MDT,0
MDU,0
MEC,0
MED,0
MEG,0
MEI,0
MER^K,0
MET,0
MET^A,0
MET^E,0
MET^F,0
MFA,0
MFA^B,0
MFA^C,0
MFC,0
MFD,0
MFG,0
MFGP,0
MFL,0
MFM,0
MFV,0
MG,0
MGA,0
MGF,0
MGM,0
MGP,0
MGR,0
MGRB,0
MGU,0
MGY,0
MH^A,0
MH^C,0
MH^D,0
MHD,0
MHF,0
MHI,0
MHK,0
MHLA,0
MHN,0
MHNC,0
MHO,0
MIC,0
MIE,0
MIN,0
MIT,0
MITT,0
MITT^A,0
MITT^B,0
MITT^C,0
MIXT,0
MIY,0
MKC,0
MKL,0
MLI,0
MLM,0
MLP,0
MLR,0
MMC,0
MMD,0
MMI,0
MMM,0
MMP,0
MMS,0
MMT,0
MMU,0
MN,0
MNP,0
MNR,0
MNR^C,0
MNRL,0
MNSO,0
MO,0
MOD,0
MODN,0
MOGU,0
MOH,0
MOS,0
MOTV,0
MOV,0
MP,0
MPA,0
MPC,0
MPLN,0
MPLX,0
MPV,0
MPW,0
MPX,0
MQT,0
MQY,0
MRC,0
MRK,0
MRO,0
MS,0
MS^A,0
MS^E,0
MS^F,0
MS^I,0
MS^K,0
MS^L,0
MSA,0
MSB,0
MSC,0
MSCI,0
MSD,0
MSGE,0
MSGN,0
MSGS,0
MSI,0
MSM,0
MSP,0
MT,0
MTB,0
MTCN,0
MTD,0
MTDR,0
MTG,0
MTH,0
MTL,0
MTL^,0
MTN,0
MTOR,0
MTR,0
MTRN,0
MTT,0
MTW,0
MTX,0
MTZ,0
MUA,0
MUC,0
MUE,0
MUFG,0
MUI,0
MUJ,0
MUR,0
MUSA,0
MUX,0
MVF,0
MVO,0
MVT,0
MWA,0
MX,0
MXE,0
MXF,0
MXL,0
MYC,0
MYD,0
MYE,0
MYI,0
MYJ,0
MYN,0
MYOV,0
MYTE,0
NAC,0
NAD,0
NAN,0
NAPA,0
NAT,0
NAV,0
NAV^D,0
NAZ,0
NBB,0
NBHC,0
NBR,0
NBR^A,0
NC,0
NCA,0
NCLH,0
NCR,0
NCV,0
NCV^A,0
NCZ,0
NCZ^A,0
NDMO,0
NDP,0
NEA,0
NEE,0
NEE^K,0
NEE^N,0
NEE^O,0
NEE^P,0
NEE^Q,0
NEM,0
NEP,0
NET,0
NETI,0
NEU,0
NEV,0
NEW,0
NEWR,0
NEX,0
NEXA,0
NFG,0
NFH,0
NFJ,0
NGA,0
NGAB,0
NGG,0
NGL,0
NGL^B,0
NGL^C,0
NGS,0
NGVC,0
NGVT,0
NHF,0
NHF^A,0
NHI,0
NI,0
NI^B,0
NID,0
NIE,0
NIM,0
NIMC,0
NINE,0
NIO,0
NIQ,0
NJR,0
NKE,0
NKG,0
NKX,0
NL,0
NLS,0
NLSN,0
NLY,0
NLY^F,0
NLY^G,0
NLY^I,0
NM,0
NM^G,0
NM^H,0
NMCO,0
NMI,0
NMK^B,0
NMK^C,0
NMM,0
NMR,0
NMS,0
NMT,0
NMZ,0
NNA,0
NNI,0
NNN,0
NNN^F,0
NNY,0
NOA,0
NOAH,0
NOC,0
NOK,0
NOM,0
NOMD,0
NOV,0
NOVA,0
NOW,0
NP,0
NPCT,0
NPK,0
NPO,0
NPTN,0
NPV,0
NQP,0
NR,0
NREF,0
NREF^A,0
NRG,0
NRGX,0
NRK,0
NRP,0
NRT,0
NRUC,0
NRZ,0
NRZ^A,0
NRZ^B,0
NRZ^C,0
NS,0
NS^A,0
NS^B,0
NS^C,0
NSA,0
NSA^A,0
NSC,0
NSH,0
NSL,0
NSP,0
NSS,0
NSTB,0
NSTC,0
NSTD,0
NTB,0
NTCO,0
NTG,0
NTP,0
NTR,0
NTST,0
NTZ,0
NUE,0
NUO,0
NUS,0
NUV,0
NUVB,0
NUW,0
NVG,0
NVGS,0
NVO,0
NVR,0
NVRO,0
NVS,0
NVST,0
NVT,0
NVTA,0
NWG,0
NWHM,0
NWN,0
NX,0
NXC,0
NXJ,0
NXN,0
NXP,0
NXQ,0
NXR,0
NXRT,0
NXU,0
NYC,0
NYCB,0
NYCB^A,0
NYCB^U,0
NYT,0
NZF,0
O,0
OACB,0
OAK^A,0
OAK^B,0
OC,0
OCA,0
OCFT,0
OCN,0
ODC,0
OEC,0
OFC,0
OFG,0
OFG^D,0
OGE,0
OGS,0
OHI,0
OI,0
OIA,0
OII,0
OIS,0
OKE,0
OLN,0
OLO,0
OLP,0
OMC,0
OMF,0
OMI,0
ONE,0
ONTF,0
ONTO,0
OOMA,0
OPP,0
OPP^A,0
OPY,0
OR,0
ORA,0
ORAN,0
ORC,0
ORCC,0
ORCL,0
ORI,0
ORN,0
OSCR,0
OSG,0
OSH,0
OSK,0
OTIS,0
OUST,0
OUT,0
OVV,0
OXM,0
OXY,0
PAC,0
PACE,0
PACK,0
PAG,0
PAGS,0
PAI,0
PAM,0
PANW,0
PAR,0
PARR,0
PATH,0
PAYC,0
PB,0
PBA,0
PBC,0
PBF,0
PBFX,0
PBH,0
PBI,0
PBI^B,0
PBR,0
PBT,0
PBY,0
PCF,0
PCG,0
PCGU,0
PCI,0
PCK,0
PCM,0
PCN,0
PCPC,0
PCQ,0
PD,0
PDAC,0
PDI,0
PDM,0
PDO,0
PDOT,0
PDS,0
PDT,0
PEAK,0
PEB,0
PEB^C,0
PEB^D,0
PEB^E,0
PEB^F,0
PEG,0
PEI,0
PEI^B,0
PEI^C,0
PEI^D,0
PEN,0
PEO,0
PFD,0
PFE,0
PFGC,0
PFH,0
PFL,0
PFN,0
PFO,0
PFS,0
PFSI,0
PG,0
PGP,0
PGR,0
PGRE,0
PGTI,0
PGZ,0
PH,0
PHD,0
PHG,0
PHI,0
PHK,0
PHM,0
PHR,0
PHT,0
PHX,0
PIAI,0
PICC,0
PII,0
PIM,0
PINE,0
PING,0
PINS,0
PIPP,0
PIPR,0
PJT,0
PK,0
PKE,0
PKG,0
PKI,0
PKO,0
PKX,0
PLAN,0
PLD,0
PLNT,0
PLOW,0
PLT,0
PLTR,0
PLYM,0
PM,0
PMF,0
PML,0
PMM,0
PMO,0
PMT,0
PMT^A,0
PMT^B,0
PMVC,0
PMX,0
PNC,0
PNC^P,0
PNF,0
PNI,0
PNM,0
PNR,0
PNTM,0
PNW,0
POR,0
POST,0
PPG,0
PPL,0
PPR,0
PPT,0
PPX,0
PQG,0
PRA,0
PRE^G,0
PRE^H,0
PRE^I,0
PRE^J,0
PRG,0
PRGO,0
PRI,0
PRIF^A,0
PRIF^B,0
PRIF^C,0
PRIF^D,0
PRIF^E,0
PRIF^F,0
PRIF^G,0
PRLB,0
PRMW,0
PRO,0
PROS,0
PRPB,0
PRPC,0
PRS,0
PRSP,0
PRT,0
PRTY,0
PRU,0
PSA,0
PSA^C,0
PSA^D,0
PSA^E,0
PSA^F,0
PSA^G,0
PSA^H,0
PSA^I,0
PSA^J,0
PSA^K,0
PSA^L,0
PSA^M,0
PSA^N,0
PSA^O,0
PSB,0
PSB^W,0
PSB^X,0
PSB^Y,0
PSB^Z,0
PSF,0
PSFE,0
PSN,0
PSO,0
PSTG,0
PSTH,0
PSTL,0
PSX,0
PSXP,0
PTA,0
PTR,0
PTY,0
PUK,0
PUK^,0
PUK^A,0
PUMP,0
PV,0
PVG,0
PVH,0
PVL,0
PWR,0
PXD,0
PYN,0
PYS,0
PYT,0
PZC,0
PZN,0
QD,0
QFTA,0
QGEN,0
QS,0
QSR,0
QTS,0
QTS^A,0
QTS^B,0
QTWO,0
QUAD,0
QUOT,0
QVCC,0
QVCD,0
R,0
RA,0
RAAS,0
RACE,0
RAD,0
RAMP,0
RBA,0
RBAC,0
RBC,0
RBLX,0
RC,0
RC^B,0
RC^C,0
RC^D,0
RCA,0
RCB,0
RCC,0
RCI,0
RCL,0
RCS,0
RCUS,0
RDN,0
RDS/B,0
RDY,0
RE,0
RELX,0
RENN,0
RES,0
REV,0
REVG,0
REX,0
REXR,0
REXR^A,0
REXR^B,0
REXR^C,0
REZI,0
RF,0
RF^A,0
RF^B,0
RF^C,0
RFI,0
RFL,0
RFM,0
RFMZ,0
RFP,0
RGA,0
RGR,0
RGS,0
RGT,0
RH,0
RHI,0
RHP,0
RICE,0
RIG,0
RIO,0
RIV,0
RJF,0
RKT,0
RL,0
RLGY,0
RLI,0
RLJ,0
RLJ^A,0
RLX,0
RM,0
RMAX,0
RMD,0
RMI,0
RMM,0
RMO,0
RMPL^,0
RMT,0
RNG,0
RNGR,0
RNP,0
RNR,0
RNR^E,0
RNR^F,0
ROG,0
ROK,0
ROL,0
ROP,0
ROT,0
RPAI,0
RPM,0
RPT,0
RPT^D,0
RQI,0
RRC,0
RRD,0
RS,0
RSF,0
RSG,0
RSI,0
RTP,0
RTPZ,0
RTX,0
RVI,0
RVLV,0
RVT,0
RWT,0
RXN,0
RY,0
RY^T,0
RYAM,0
RYB,0
RYI,0
RYN,0
RZA,0
RZB,0
SA,0
SAF,0
SAFE,0
SAH,0
SAIC,0
SAIL,0
SAK,0
SAM,0
SAN,0
SAND          ,0
SAP,0
SAR,0
SAVE,0
SB,0
SB^C,0
SB^D,0
SBBA,0
SBG,0
SBH,0
SBI,0
SBOW,0
SBR,0
SBS,0
SBSW,0
SC,0
SCCO,0
SCD,0
SCE^G,0
SCE^H,0
SCE^J,0
SCE^K,0
SCE^L,0
SCHW,0
SCHW^C,0
SCHW^D,0
SCHW^J,0
SCI,0
SCL,0
SCM,0
SCPE,0
SCS,0
SCU,0
SCVX,0
SCX,0
SD,0
SDHY,0
SE,0
SEAH,0
SEAS,0
SEE,0
SEM,0
SEMR,0
SF,0
SF^A,0
SF^B,0
SF^C,0
SFB,0
SFE,0
SFL,0
SFTW,0
SFUN,0
SGFY,0
SGU,0
SHAK,0
SHG,0
SHI,0
SHLX,0
SHO,0
SHO^E,0
SHO^F,0
SHOP,0
SHW,0
SI,0
SID,0
SIG,0
SII,0
SITC,0
SITC^A,0
SITE,0
SIX,0
SJI,0
SJIJ,0
SJIV,0
SJM,0
SJR,0
SJT,0
SJW,0
SKLZ,0
SKM,0
SKT,0
SKX,0
SKY,0
SLAC,0
SLB,0
SLCA,0
SLF,0
SLG,0
SLG^I,0
SLQT,0
SM,0
SMAR,0
SMFG,0
SMG,0
SMHI,0
SMLP,0
SMM,0
SMP,0
SNA,0
SNAP,0
SNDR,0
SNII,0
SNN,0
SNOW,0
SNP,0
SNPR,0
SNR,0
SNV,0
SNV^D,0
SNV^E,0
SNX,0
SO,0
SOAC,0
SOGO,0
SOI,0
SOJB,0
SOJC,0
SOJD,0
SOJE,0
SOL,0
SOLN,0
SON,0
SONY,0
SOR,0
SOS,0
SPAQ,0
SPB,0
SPCE,0
SPE,0
SPE^B,0
SPFR,0
SPG,0
SPG^J,0
SPGI,0
SPGS,0
SPH,0
SPLP,0
SPLP^A,0
SPNT,0
SPNV,0
SPOT,0
SPR,0
SPRQ,0
SPXC,0
SPXX,0
SQ,0
SQM,0
SQNS,0
SQZ,0
SR,0
SR^A,0
SRC,0
SRC^A,0
SRE,0
SRE^B,0
SREA,0
SRG,0
SRG^A,0
SRI,0
SRL,0
SRLP,0
SRT,0
SRV,0
SSD,0
SSL,0
SSTK,0
ST,0
STAG,0
STAR          ,0
STAR^D,0
STAR^G,0
STAR^I,0
STC,0
STE,0
STEM,0
STG,0
STIC,0
STK,0
STL,0
STL^A,0
STLA,0
STM,0
STN,0
STNG,0
STON,0
STOR,0
STPC,0
STT,0
STT^D,0
STT^G,0
STWD,0
STZ,0
STZ/B,0
SU,0
SUI,0
SUM,0
SUN,0
SUP,0
SUPV,0
SUZ,0
SWBK,0
SWCH,0
SWI,0
SWK,0
SWM,0
SWN,0
SWT,0
SWX,0
SWZ,0
SXC,0
SXI,0
SXT,0
SYF,0
SYF^A,0
SYK,0
SYX,0
SYY,0
SZC,0
T,0
T^A,0
T^C,0
TAC,0
TACA,0
TAK,0
TAL,0
TALO,0
TAP,0
TARO,0
TBA,0
TBB,0
TBC,0
TBI,0
TCI,0
TCS,0
TD,0
TDA,0
TDC,0
TDE,0
TDF,0
TDG,0
TDI,0
TDJ,0
TDOC,0
TDS,0
TDS^U,0
TDW,0
TDY,0
TEAF,0
TECK,0
TEF,0
TEI,0
TEL,0
TEN,0
TEO,0
TEVA,0
TEX,0
TFC,0
TFC^H,0
TFC^I,0
TFC^O,0
TFC^R,0
TFII,0
TFSA,0
TFX,0
TG,0
TGH,0
TGH^A,0
TGI,0
TGNA,0
TGP,0
TGP^A,0
TGP^B,0
TGS,0
TGT,0
THC,0
THG,0
THO,0
THQ,0
THR,0
THS,0
THW,0
TIMB,0
TINV,0
TISI,0
TIXT,0
TJX,0
TK,0
TKC,0
TKR,0
TLGA,0
TLK,0
TLYS,0
TM,0
TMAC,0
TME,0
TMHC,0
TMO,0
TMST,0
TMX,0
TNC,0
TNET,0
TNK,0
TNL,0
TNP,0
TNP^D,0
TNP^E,0
TNP^F,0
TOL,0
TOT,0
TPB,0
TPC,0
TPGS,0
TPGY,0
TPH,0
TPL,0
TPR,0
TPVG,0
TPX,0
TPZ,0
TR,0
TRC,0
TRCA,0
TREB,0
TREC,0
TREX,0
TRGP,0
TRI,0
TRN,0
TRNO,0
TROX,0
TRP,0
TRQ,0
TRTN,0
TRTN^A,0
TRTN^B,0
TRTN^C,0
TRTN^D,0
TRTX,0
TRU,0
TRV,0
TS,0
TSE,0
TSI,0
TSLX,0
TSM,0
TSN,0
TSPQ,0
TSQ,0
TT,0
TTC,0
TTI,0
TTM,0
TTP,0
TU,0
TUFN,0
TUP,0
TUYA,0
TV,0
TVC,0
TVE,0
TWI,0
TWLO,0
TWN,0
TWND,0
TWNI,0
TWNT,0
TWO,0
TWO^A,0
TWO^B,0
TWO^C,0
TWOA,0
TWTR,0
TX,0
TXT,0
TY,0
TY^,0
TYG,0
TYL,0
U,0
UA,0
UAA,0
UAN,0
UBA,0
UBER,0
UBP,0
UBP^H,0
UBP^K,0
UBS,0
UDR,0
UE,0
UFI,0
UFS,0
UGI,0
UGP,0
UHS,0
UHT,0
UI,0
UIS,0
UL,0
UMC,0
UMH,0
UMH^C,0
UMH^D,0
UNF,0
UNFI,0
UNH,0
UNM,0
UNMA,0
UNP,0
UNVR,0
UPS,0
URI,0
USA,0
USAC,0
USB,0
USB^A,0
USB^H,0
USB^M,0
USB^P,0
USB^Q,0
USB^R,0
USDP,0
USFD,0
USM,0
USNA,0
USPH,0
USX,0
UTF,0
UTI,0
UTL,0
UTZ,0
UVE,0
UVV,0
UWMC,0
UZA,0
UZB,0
UZC,0
UZD,0
UZE,0
V,0
VAC,0
VALE,0
VAPO,0
VBF,0
VCIF,0
VCRA,0
VCV,0
VEC,0
VEDL,0
VEEV,0
VEI,0
VEL,0
VER,0
VER^F,0
VET,0
VFC,0
VGAC,0
VGI,0
VGM,0
VGR,0
VHC,0
VHI,0
VIAO,0
VICI,0
VIPS,0
VIST,0
VIV,0
VKQ,0
VLO,0
VLRS,0
VLT,0
VMC,0
VMI,0
VMO,0
VMW,0
VNCE,0
VNE,0
VNO,0
VNO^K,0
VNO^L,0
VNO^M,0
VNO^N,0
VNT,0
VNTR,0
VOC,0
VOYA,0
VOYA^B,0
VPCC,0
VPG,0
VPV,0
VRS,0
VRT,0
VRTV,0
VSH,0
VST,0
VSTO,0
VTA,0
VTN,0
VTOL,0
VTR,0
VVI,0
VVNT,0
VVR,0
VVV,0
VYGG,0
VZIO,0
W,0
WAB,0
WAL,0
WALA,0
WARR,0
WAT,0
WBK,0
WBS,0
WBS^F,0
WBT,0
WCC,0
WCC^A,0
WCN,0
WD,0
WDR,0
WEA,0
WEC,0
WEI,0
WELL,0
WES,0
WEX,0
WF,0
WFC,0
WFC^A,0
WFC^C,0
WFC^L,0
WFC^N,0
WFC^O,0
WFC^Q,0
WFC^R,0
WFC^X,0
WFC^Y,0
WFC^Z,0
WFG,0
WGO,0
WH,0
WHD,0
WHG,0
WHR,0
WIA,0
WIT,0
WIW,0
WK,0
WLK,0
WLKP,0
WLL,0
WM,0
WMB,0
WMC,0
WMK,0
WMS,0
WMT,0
WNC,0
WNS,0
WOR,0
WORK,0
WOW,0
WPC,0
WPCA,0
WPCB,0
WPF,0
WPG,0
WPG^H,0
WPG^I,0
WPM,0
WPP,0
WRB,0
WRB^D,0
WRB^E,0
WRB^F,0
WRB^G,0
WRB^H,0
WRE,0
WRI,0
WRK,0
WSM,0
WSO,0
WSO/B,0
WSR,0
WST,0
WTI,0
WTM,0
WTRG,0
WTRU,0
WTS,0
WTTR,0
WU,0
WWE,0
WWW,0
WY,0
X,0
XEC,0
XFLT,0
XFLT^A,0
XHR,0
XIN,0
XL,0
XOM,0
XPEV,0
XPO,0
XPOA,0
XRX,0
XYF,0
XYL,0
Y,0
YAC,0
YALA,0
YELP,0
YETI,0
YEXT,0
YPF,0
YRD,0
YSG,0
YTPG,0
YUM,0
YUMC,0
ZBH,0
ZEN,0
ZEPP,0
ZH,0
ZIM,0
ZNH,0
ZTO,0
ZTR,0
ZTS,0
ZUO,0
ZYME,0
